,stack_id,x_min,y_min,x_max,y_max,object_type_id,name,add_date
0,1645824,464,473,537,615,23,schistosoma,2021-10-08 11:05:36
1,1645864,797,140,966,241,23,schistosoma,2021-10-08 11:05:36
2,1645880,538,393,706,488,23,schistosoma,2021-10-08 11:05:36
3,1645888,520,69,619,240,23,schistosoma,2021-10-08 11:05:36
4,1645978,496,473,595,610,23,schistosoma,2021-10-08 11:05:36
5,1646056,894,423,1022,543,23,schistosoma,2021-10-08 11:05:36
6,1646059,703,512,846,635,23,schistosoma,2021-10-08 11:05:36
7,1646138,271,418,375,594,23,schistosoma,2021-10-08 11:05:36
8,1646151,829,418,921,556,23,schistosoma,2021-10-08 11:05:36
9,1646158,402,21,496,162,23,schistosoma,2021-10-08 11:05:36
10,1646158,675,589,776,720,23,schistosoma,2021-10-08 11:05:36
11,1646182,855,497,967,628,23,schistosoma,2021-10-08 11:05:36
12,1646182,605,87,760,247,23,schistosoma,2021-10-08 11:05:36
13,1646197,717,500,834,678,23,schistosoma,2021-10-08 11:05:36
14,1646244,423,75,554,238,23,schistosoma,2021-10-08 11:05:36
15,1647448,643,20,765,179,23,schistosoma,2021-10-08 10:21:18
16,1647451,541,139,688,253,23,schistosoma,2021-10-08 10:21:18
17,1647538,580,535,707,692,23,schistosoma,2021-10-08 10:21:18
18,1647553,363,391,479,555,23,schistosoma,2021-10-08 10:21:18
19,1647586,0,101,113,236,23,schistosoma,2021-10-08 10:21:18
20,1647605,759,364,895,498,23,schistosoma,2021-10-08 10:21:18
21,1647650,273,0,385,96,23,schistosoma,2021-10-08 10:21:18
22,1647651,276,569,376,711,23,schistosoma,2021-10-08 10:21:18
23,1647674,576,0,677,142,23,schistosoma,2021-10-08 10:21:18
24,1647723,941,56,1112,173,23,schistosoma,2021-10-08 10:21:18
25,1647724,937,648,1087,722,23,schistosoma,2021-10-08 10:21:18
26,1647744,549,568,677,711,23,schistosoma,2021-10-08 10:21:18
27,1647755,1050,291,1157,471,23,schistosoma,2021-10-08 10:21:18
28,1647786,112,300,218,484,23,schistosoma,2021-10-08 10:21:18
29,1647808,1045,411,1167,576,23,schistosoma,2021-10-08 10:21:18
30,1647829,568,327,719,448,23,schistosoma,2021-10-08 10:21:18
31,1647837,113,412,233,580,23,schistosoma,2021-10-08 10:21:18
32,1648624,944,195,1072,381,23,schistosoma,2021-10-08 10:22:29
33,1648655,15,187,143,381,23,schistosoma,2021-10-08 10:22:29
34,1648685,581,370,724,544,23,schistosoma,2021-10-08 10:22:29
35,1648688,842,247,1044,395,23,schistosoma,2021-10-08 10:22:29
36,1648690,696,235,883,371,23,schistosoma,2021-10-08 10:22:29
37,1648695,274,398,426,537,23,schistosoma,2021-10-08 10:22:29
38,1648752,48,109,171,295,23,schistosoma,2021-10-08 10:22:29
39,1648788,589,53,736,227,23,schistosoma,2021-10-08 10:22:29
40,1648875,500,554,688,691,23,schistosoma,2021-10-08 10:22:29
41,1648939,628,87,841,240,23,schistosoma,2021-10-08 10:22:29
42,1649053,36,87,148,219,23,schistosoma,2021-10-08 10:22:29
43,1649126,851,6,974,186,23,schistosoma,2021-10-08 10:22:29
44,1649134,851,398,982,581,23,schistosoma,2021-10-08 10:22:29
45,1649333,659,118,820,232,23,schistosoma,2021-10-08 10:40:55
46,1649348,209,351,320,509,23,schistosoma,2021-10-08 10:40:55
47,1649348,564,571,701,676,23,schistosoma,2021-10-08 10:40:55
48,1649367,417,63,525,237,23,schistosoma,2021-10-08 10:40:55
49,1649367,776,562,926,641,23,schistosoma,2021-10-08 10:40:55
50,1649374,360,604,474,720,23,schistosoma,2021-10-08 10:40:55
51,1649375,976,210,1146,306,23,schistosoma,2021-10-08 10:40:55
52,1649394,0,176,102,337,23,schistosoma,2021-10-08 10:40:55
53,1649450,719,91,877,193,23,schistosoma,2021-10-08 10:40:55
54,1649461,375,78,461,226,23,schistosoma,2021-10-08 10:40:55
55,1649474,271,80,371,247,23,schistosoma,2021-10-08 10:40:55
56,1649490,358,181,461,364,23,schistosoma,2021-10-08 10:40:55
57,1649491,1196,150,1280,326,23,schistosoma,2021-10-08 10:40:55
58,1649497,869,100,965,266,23,schistosoma,2021-10-08 10:40:55
59,1649508,262,149,352,322,23,schistosoma,2021-10-08 10:40:55
60,1649631,1010,498,1206,631,23,schistosoma,2021-10-08 10:47:15
61,1649634,847,558,1004,693,23,schistosoma,2021-10-08 10:47:15
62,1649839,680,272,777,450,23,schistosoma,2021-10-08 10:47:15
63,1649860,1130,508,1280,599,23,schistosoma,2021-10-08 10:47:15
64,1649977,100,652,244,724,23,schistosoma,2021-10-08 10:47:15
65,1649977,219,538,348,681,23,schistosoma,2021-10-08 10:47:15
66,1650631,3,359,155,508,23,schistosoma,2021-10-08 11:48:18
67,1650631,535,522,674,666,23,schistosoma,2021-10-08 11:48:18
68,1652336,916,380,1013,516,23,schistosoma,2021-10-08 12:15:26
69,1652376,108,562,224,707,23,schistosoma,2021-10-08 12:15:26
70,1652543,1099,107,1277,231,23,schistosoma,2021-10-08 10:18:52
71,1652576,171,104,337,230,23,schistosoma,2021-10-08 10:18:52
72,1652640,207,395,308,571,23,schistosoma,2021-10-08 10:18:52
73,1652667,311,451,484,616,23,schistosoma,2021-10-08 10:18:52
74,1652681,1084,389,1176,541,23,schistosoma,2021-10-08 10:18:52
75,1652716,148,368,235,535,23,schistosoma,2021-10-08 10:18:52
76,1652774,72,252,236,352,23,schistosoma,2021-10-08 10:18:52
77,1652840,535,218,711,337,23,schistosoma,2021-10-08 10:18:52
78,1652871,309,43,425,210,23,schistosoma,2021-10-08 10:18:52
79,1652896,1057,478,1247,587,23,schistosoma,2021-10-08 10:18:52
80,1652918,921,220,1076,344,23,schistosoma,2021-10-08 10:18:52
81,1652947,0,211,147,339,23,schistosoma,2021-10-08 10:18:52
82,1653738,492,491,636,642,23,schistosoma,2021-10-08 10:20:22
83,1653738,883,0,1035,122,23,schistosoma,2021-10-08 10:20:22
84,1653738,829,151,957,223,23,schistosoma,2021-10-08 10:20:22
85,1653752,69,442,258,547,23,schistosoma,2021-10-08 10:20:22
86,1653752,760,417,939,527,23,schistosoma,2021-10-08 10:20:22
87,1653765,0,354,91,492,23,schistosoma,2021-10-08 10:20:22
88,1653765,67,616,174,720,23,schistosoma,2021-10-08 10:20:22
89,1653769,834,466,993,585,23,schistosoma,2021-10-08 10:20:22
90,1653773,1136,246,1242,382,23,schistosoma,2021-10-08 10:20:22
91,1653801,475,0,581,152,23,schistosoma,2021-10-08 10:20:22
92,1653833,449,81,626,200,23,schistosoma,2021-10-08 10:20:22
93,1653833,890,150,1046,259,23,schistosoma,2021-10-08 10:20:22
94,1653860,918,386,1084,504,23,schistosoma,2021-10-08 10:20:22
95,1653966,588,124,707,243,23,schistosoma,2021-10-08 10:20:22
96,1654032,925,99,1085,197,23,schistosoma,2021-10-08 10:20:22
97,1654103,726,463,854,580,23,schistosoma,2021-10-08 10:20:22
98,1654261,914,468,1028,634,23,schistosoma,2021-10-08 10:20:22
99,1654469,94,297,246,461,23,schistosoma,2021-10-08 11:50:16
100,1656674,353,88,522,228,23,schistosoma,2021-10-08 10:59:57
101,1656997,7,156,173,271,23,schistosoma,2021-10-08 10:59:57
102,1657089,538,123,705,224,23,schistosoma,2021-10-08 10:59:57
103,1657424,274,431,391,599,23,schistosoma,2021-10-08 10:36:06
104,1657766,23,94,168,258,23,schistosoma,2021-10-08 10:36:06
105,1657822,419,51,531,249,23,schistosoma,2021-10-08 10:36:06
106,1657921,958,525,1126,665,23,schistosoma,2021-10-08 10:32:17
107,1657940,1130,108,1212,251,23,schistosoma,2021-10-08 10:32:17
108,1657950,719,112,832,272,23,schistosoma,2021-10-08 10:32:17
109,1657955,396,0,511,69,23,schistosoma,2021-10-08 10:32:17
110,1657956,395,521,531,671,23,schistosoma,2021-10-08 10:32:17
111,1657959,196,107,279,252,23,schistosoma,2021-10-08 10:32:17
112,1657983,461,266,554,420,23,schistosoma,2021-10-08 10:32:17
113,1657996,501,550,602,697,23,schistosoma,2021-10-08 10:32:17
114,1658000,742,527,917,637,23,schistosoma,2021-10-08 10:32:17
115,1658000,1128,0,1279,88,23,schistosoma,2021-10-08 10:32:17
116,1658001,1142,585,1280,704,23,schistosoma,2021-10-08 10:32:17
117,1658007,834,321,920,497,23,schistosoma,2021-10-08 10:32:17
118,1658009,806,303,954,413,23,schistosoma,2021-10-08 10:32:17
119,1658011,326,0,430,94,23,schistosoma,2021-10-08 10:32:17
120,1658011,388,262,506,397,23,schistosoma,2021-10-08 10:32:17
121,1658012,336,551,442,720,23,schistosoma,2021-10-08 10:32:17
122,1658022,601,7,729,143,23,schistosoma,2021-10-08 10:32:17
123,1658023,628,633,756,735,23,schistosoma,2021-10-08 10:32:17
124,1658023,1247,158,1279,334,23,schistosoma,2021-10-08 10:32:17
125,1658028,771,539,917,671,23,schistosoma,2021-10-08 10:32:17
126,1658047,336,178,486,314,23,schistosoma,2021-10-08 10:32:17
127,1658050,312,165,401,328,23,schistosoma,2021-10-08 10:32:17
128,1658061,1044,205,1151,365,23,schistosoma,2021-10-08 10:32:17
129,1658063,190,328,363,434,23,schistosoma,2021-10-08 10:32:17
130,1658092,129,119,267,238,23,schistosoma,2021-10-08 10:32:17
131,1658092,705,401,800,575,23,schistosoma,2021-10-08 10:32:17
132,1658095,424,352,574,455,23,schistosoma,2021-10-08 10:32:17
133,1658101,485,67,587,228,23,schistosoma,2021-10-08 10:32:17
134,1658104,478,0,600,112,23,schistosoma,2021-10-08 10:32:17
135,1658113,17,54,145,202,23,schistosoma,2021-10-08 10:32:17
136,1658115,1008,637,1107,720,23,schistosoma,2021-10-08 10:32:17
137,1658120,453,640,583,720,23,schistosoma,2021-10-08 10:32:17
138,1658143,84,641,171,720,23,schistosoma,2021-10-08 10:32:17
139,1658143,453,464,543,610,23,schistosoma,2021-10-08 10:32:17
140,1658200,0,273,85,381,23,schistosoma,2021-10-08 10:32:17
141,1658216,0,109,114,259,23,schistosoma,2021-10-08 10:32:17
142,1658216,470,597,618,678,23,schistosoma,2021-10-08 10:32:17
143,1658219,1106,514,1226,671,23,schistosoma,2021-10-08 10:32:17
144,1658219,754,95,901,233,23,schistosoma,2021-10-08 10:32:17
145,1658219,862,235,997,360,23,schistosoma,2021-10-08 10:32:17
146,1658219,932,167,1090,315,23,schistosoma,2021-10-08 10:32:17
147,1658220,0,22,69,180,23,schistosoma,2021-10-08 10:32:17
148,1658220,741,253,876,413,23,schistosoma,2021-10-08 10:32:17
149,1658220,543,394,682,536,23,schistosoma,2021-10-08 10:32:17
150,1658220,455,391,593,534,23,schistosoma,2021-10-08 10:32:17
151,1658220,15,496,143,647,23,schistosoma,2021-10-08 10:32:17
152,1658241,447,485,550,652,23,schistosoma,2021-10-08 10:32:17
153,1658244,774,175,933,274,23,schistosoma,2021-10-08 10:32:17
154,1658244,150,0,258,69,23,schistosoma,2021-10-08 10:32:17
155,1658245,179,513,296,671,23,schistosoma,2021-10-08 10:32:17
156,1658245,1,164,154,318,23,schistosoma,2021-10-08 10:32:17
157,1658248,176,0,279,146,23,schistosoma,2021-10-08 10:32:17
158,1658248,576,539,675,699,23,schistosoma,2021-10-08 10:32:17
159,1658249,1233,373,1280,512,23,schistosoma,2021-10-08 10:32:17
160,1658249,204,571,295,720,23,schistosoma,2021-10-08 10:32:17
161,1658250,888,295,972,476,23,schistosoma,2021-10-08 10:32:17
162,1658257,707,515,812,656,23,schistosoma,2021-10-08 10:32:17
163,1658257,780,507,911,627,23,schistosoma,2021-10-08 10:32:17
164,1658257,960,227,1075,394,23,schistosoma,2021-10-08 10:32:17
165,1658276,805,411,914,570,23,schistosoma,2021-10-08 10:32:17
166,1658297,329,449,449,598,23,schistosoma,2021-10-08 10:32:17
167,1658297,707,196,807,362,23,schistosoma,2021-10-08 10:32:17
168,1661045,750,0,899,138,23,schistosoma,2021-10-08 10:34:03
169,1661046,462,408,622,577,23,schistosoma,2021-10-08 10:34:03
170,1661046,713,589,868,720,23,schistosoma,2021-10-08 10:34:03
171,1661111,1076,0,1231,178,23,schistosoma,2021-10-08 10:34:03
172,1661131,1032,5,1154,191,23,schistosoma,2021-10-08 10:34:03
173,1661140,129,0,278,175,23,schistosoma,2021-10-08 10:34:03
174,1661167,1014,358,1136,546,23,schistosoma,2021-10-08 10:34:03
175,1661173,767,104,889,278,23,schistosoma,2021-10-08 10:34:03
176,1661173,822,384,1006,522,23,schistosoma,2021-10-08 10:34:03
177,1661250,28,279,150,448,23,schistosoma,2021-10-08 10:34:03
178,1661354,744,0,866,104,23,schistosoma,2021-10-08 10:34:03
179,1661361,486,420,650,592,23,schistosoma,2021-10-08 10:34:03
180,1661371,478,0,625,122,23,schistosoma,2021-10-08 10:34:03
181,1661979,334,279,522,395,23,schistosoma,2021-10-08 10:32:04
182,1661982,1119,113,1247,294,23,schistosoma,2021-10-08 10:32:04
183,1662002,0,512,148,680,23,schistosoma,2021-10-08 10:32:04
184,1662440,328,145,455,305,23,schistosoma,2021-10-08 10:32:04
185,1662642,296,290,477,419,23,schistosoma,2021-10-08 09:58:04
186,1662663,397,186,528,352,23,schistosoma,2021-10-08 09:58:04
187,1662683,1081,540,1248,647,23,schistosoma,2021-10-08 09:58:04
188,1662708,320,403,431,556,23,schistosoma,2021-10-08 09:58:04
189,1662759,933,157,1045,324,23,schistosoma,2021-10-08 09:58:04
190,1662768,700,289,862,436,23,schistosoma,2021-10-08 09:58:04
191,1662778,512,499,653,669,23,schistosoma,2021-10-08 09:58:04
192,1663024,1110,480,1256,571,23,schistosoma,2021-10-08 09:58:04
193,1663039,1059,334,1234,453,23,schistosoma,2021-10-08 09:58:04
194,1663050,173,476,321,568,23,schistosoma,2021-10-08 09:58:04
195,1663070,1026,88,1203,210,23,schistosoma,2021-10-08 09:58:04
196,1666211,277,0,397,128,23,schistosoma,2021-10-08 10:09:33
197,1666212,272,561,406,720,23,schistosoma,2021-10-08 10:09:33
198,1666213,1181,248,1280,407,23,schistosoma,2021-10-08 10:09:33
199,1666217,527,125,682,239,23,schistosoma,2021-10-08 10:09:33
200,1666224,1048,161,1177,307,23,schistosoma,2021-10-08 10:09:33
201,1666243,1172,0,1275,164,23,schistosoma,2021-10-08 10:09:33
202,1666245,112,158,240,302,23,schistosoma,2021-10-08 10:09:33
203,1666247,1127,527,1278,652,23,schistosoma,2021-10-08 10:09:33
204,1666248,165,115,355,240,23,schistosoma,2021-10-08 10:09:33
205,1666249,534,174,687,323,23,schistosoma,2021-10-08 10:09:33
206,1666255,806,447,916,604,23,schistosoma,2021-10-08 10:09:33
207,1666267,713,157,857,301,23,schistosoma,2021-10-08 10:09:33
208,1666267,251,3,348,164,23,schistosoma,2021-10-08 10:09:33
209,1666268,249,584,349,720,23,schistosoma,2021-10-08 10:09:33
210,1666277,950,15,1105,141,23,schistosoma,2021-10-08 10:09:33
211,1666278,936,619,1102,720,23,schistosoma,2021-10-08 10:09:33
212,1666304,9,15,171,141,23,schistosoma,2021-10-08 10:09:33
213,1666305,0,622,162,720,23,schistosoma,2021-10-08 10:09:33
214,1666311,661,216,818,342,23,schistosoma,2021-10-08 10:09:33
215,1666368,873,616,1025,720,23,schistosoma,2021-10-08 10:09:33
216,1666426,984,0,1133,161,23,schistosoma,2021-10-08 10:09:33
217,1666427,719,483,889,609,23,schistosoma,2021-10-08 10:09:33
218,1666427,975,584,1097,719,23,schistosoma,2021-10-08 10:09:33
219,1666458,49,0,156,152,23,schistosoma,2021-10-08 10:09:33
220,1666565,49,538,191,677,23,schistosoma,2021-10-08 10:09:33
221,1666654,1169,338,1271,517,23,schistosoma,2021-10-08 10:09:33
222,1666670,502,0,700,93,23,schistosoma,2021-10-08 10:09:33
223,1674527,546,84,658,243,23,schistosoma,2021-10-08 10:42:13
224,1674527,1065,159,1202,336,23,schistosoma,2021-10-08 10:42:13
225,1674620,943,331,1048,504,23,schistosoma,2021-10-08 10:42:13
226,1674620,205,144,333,292,23,schistosoma,2021-10-08 10:42:13
227,1674722,1032,419,1160,571,23,schistosoma,2021-10-08 10:42:13
228,1674918,343,412,479,547,23,schistosoma,2021-10-08 10:42:13
229,1675018,512,412,656,535,23,schistosoma,2021-10-08 10:42:13
230,1675039,848,363,1008,468,23,schistosoma,2021-10-08 10:42:13
231,1676971,1075,91,1178,247,23,schistosoma,2021-10-08 10:05:09
232,1676990,19,49,158,133,23,schistosoma,2021-10-08 10:05:09
233,1676990,961,82,1130,181,23,schistosoma,2021-10-08 10:05:09
234,1676990,1142,647,1280,719,23,schistosoma,2021-10-08 10:05:09
235,1676999,960,534,1078,677,23,schistosoma,2021-10-08 10:05:09
236,1677067,714,563,864,704,23,schistosoma,2021-10-08 10:05:09
237,1677067,784,516,930,650,23,schistosoma,2021-10-08 10:05:09
238,1677074,925,91,1037,256,23,schistosoma,2021-10-08 10:05:09
239,1677074,1079,139,1241,266,23,schistosoma,2021-10-08 10:05:09
240,1677090,318,239,458,352,23,schistosoma,2021-10-08 10:05:09
241,1677102,0,96,111,265,23,schistosoma,2021-10-08 10:05:09
242,1677102,158,143,314,265,23,schistosoma,2021-10-08 10:05:09
243,1677107,0,296,182,408,23,schistosoma,2021-10-08 10:05:09
244,1677171,498,360,644,512,23,schistosoma,2021-10-08 10:05:09
245,1677179,1064,653,1219,734,23,schistosoma,2021-10-08 10:05:09
246,1677190,216,297,387,388,23,schistosoma,2021-10-08 10:05:09
247,1677210,302,10,442,114,23,schistosoma,2021-10-08 10:05:09
248,1677211,303,607,469,716,23,schistosoma,2021-10-08 10:05:09
249,1677250,221,89,333,266,23,schistosoma,2021-10-08 10:05:09
250,1677268,561,617,700,720,23,schistosoma,2021-10-08 10:05:09
251,1677339,428,0,575,161,23,schistosoma,2021-10-08 10:05:09
252,1689176,278,503,442,640,23,schistosoma,2021-10-25 21:34:22
253,1689176,1163,343,1291,464,23,schistosoma,2021-10-25 21:34:22
254,1689205,540,115,649,303,23,schistosoma,2021-10-25 21:34:22
255,1689205,942,450,1130,583,23,schistosoma,2021-10-25 21:34:22
256,1689416,965,406,1093,586,23,schistosoma,2021-10-25 21:34:22
257,1689567,618,46,786,191,23,schistosoma,2021-10-25 21:34:22
258,1689567,1060,618,1234,720,23,schistosoma,2021-10-25 21:34:22
259,1689567,31,406,150,547,23,schistosoma,2021-10-25 21:34:22
260,1689772,618,461,782,589,23,schistosoma,2021-10-25 21:34:22
261,1689772,156,179,322,315,23,schistosoma,2021-10-25 21:34:22
262,1689926,1085,307,1251,437,23,schistosoma,2021-10-25 21:34:22
263,1691235,715,602,875,694,23,schistosoma,2021-10-08 11:15:39
264,1694215,0,399,117,557,23,schistosoma,2021-10-25 21:20:16
265,1694486,45,221,188,340,23,schistosoma,2021-10-25 21:20:16
266,1695902,0,335,118,485,23,schistosoma,2021-10-25 21:54:53
267,1695938,420,623,558,720,23,schistosoma,2021-10-25 21:54:53
268,1696066,150,0,359,90,23,schistosoma,2021-10-25 21:54:53
269,1696589,476,513,594,651,23,schistosoma,2021-10-25 21:40:02
270,1696828,367,359,495,531,23,schistosoma,2021-10-25 21:40:02
271,1696949,536,109,694,238,23,schistosoma,2021-10-25 21:40:02
272,1696949,15,87,173,267,23,schistosoma,2021-10-25 21:40:02
273,1697200,417,463,569,554,23,schistosoma,2021-10-25 21:06:29
274,1697296,851,276,1015,372,23,schistosoma,2021-10-25 21:06:29
275,1697333,0,281,90,376,23,schistosoma,2021-10-25 21:06:29
276,1697532,719,45,913,161,23,schistosoma,2021-10-25 21:06:30
277,1697653,439,0,587,122,23,schistosoma,2021-10-25 21:06:29
278,1796279,824,0,999,62,23,schistosoma,2021-10-25 22:07:26
279,1796309,940,56,1099,196,23,schistosoma,2021-11-09 11:15:36
280,1796411,0,545,86,657,23,schistosoma,2021-10-25 22:07:26
281,1796548,394,208,578,377,23,schistosoma,2021-11-09 12:06:33
282,1796550,1084,431,1233,579,23,schistosoma,2021-10-25 22:07:26
283,1796550,1134,124,1279,239,23,schistosoma,2021-10-25 22:07:26
284,1796634,1142,612,1279,720,23,schistosoma,2021-10-26 00:32:27
285,1796682,49,581,220,720,23,schistosoma,2021-11-09 12:06:33
286,1796689,331,115,497,250,23,schistosoma,2021-11-09 11:15:36
287,1796786,910,62,1076,199,23,schistosoma,2021-11-09 12:06:33
288,1796889,710,89,832,260,23,schistosoma,2021-10-25 22:07:26
289,1796946,1125,600,1270,704,23,schistosoma,2021-10-26 00:32:27
290,1796967,438,287,556,469,23,schistosoma,2021-10-25 22:07:26
291,1797055,460,355,606,516,23,schistosoma,2021-11-09 12:06:33
292,1797109,460,0,612,120,23,schistosoma,2021-10-25 22:07:26
293,1797109,1099,0,1225,173,23,schistosoma,2021-10-25 22:07:26
294,1797115,970,163,1119,306,23,schistosoma,2021-11-09 11:15:36
295,1797207,720,592,913,720,23,schistosoma,2021-11-09 12:06:33
296,1797207,866,323,1057,457,23,schistosoma,2021-11-09 12:06:33
297,1797226,329,507,522,635,23,schistosoma,2021-10-26 00:32:27
298,1797232,1216,324,1280,434,23,schistosoma,2021-10-25 22:07:26
299,1797282,434,559,595,709,23,schistosoma,2021-10-25 22:07:26
300,1797282,1070,572,1193,720,23,schistosoma,2021-10-25 22:07:26
301,1797282,1228,109,1279,175,23,schistosoma,2021-10-25 22:07:26
302,1797441,815,461,965,616,23,schistosoma,2021-10-26 00:32:27
303,1797458,865,347,1025,508,23,schistosoma,2021-10-26 00:32:27
304,1797472,807,0,935,110,23,schistosoma,2021-11-09 12:06:33
305,1797472,903,597,1084,720,23,schistosoma,2021-11-09 12:06:33
306,1797736,306,590,462,720,23,schistosoma,2021-11-09 12:06:33
307,1797873,8,500,138,674,23,schistosoma,2021-10-25 22:07:26
308,1797892,1020,17,1172,210,23,schistosoma,2021-10-25 22:34:12
309,1797907,416,478,600,630,23,schistosoma,2021-10-26 00:32:27
310,1797907,678,52,813,228,23,schistosoma,2021-10-26 00:32:27
311,1798005,843,270,1005,408,23,schistosoma,2021-10-26 00:32:27
312,1798145,0,0,142,96,23,schistosoma,2021-10-26 00:32:27
313,1798145,618,628,794,720,23,schistosoma,2021-10-26 00:32:27
314,1798156,0,509,70,652,23,schistosoma,2021-10-25 22:07:26
315,1798156,538,0,666,72,23,schistosoma,2021-10-25 22:07:26
316,1798231,264,422,429,567,23,schistosoma,2021-11-09 12:06:33
317,1798348,1071,332,1238,483,23,schistosoma,2021-10-26 00:32:27
318,1798356,141,329,307,493,23,schistosoma,2021-10-26 00:32:27
319,1798394,1212,276,1280,449,23,schistosoma,2021-10-25 22:07:26
320,1798416,378,258,522,389,23,schistosoma,2021-10-25 22:07:26
321,1798416,561,562,715,715,23,schistosoma,2021-10-25 22:07:26
322,1798427,884,349,1063,481,23,schistosoma,2021-11-09 12:06:33
323,1798437,262,571,420,719,23,schistosoma,2021-10-25 22:07:26
324,1798471,1203,264,1280,425,23,schistosoma,2021-10-25 23:03:23
325,1798558,44,151,197,263,23,schistosoma,2021-10-26 00:32:27
326,1798558,409,0,548,125,23,schistosoma,2021-10-26 00:32:27
327,1798558,673,335,819,447,23,schistosoma,2021-10-26 00:32:27
328,1798558,898,41,1010,184,23,schistosoma,2021-10-26 00:32:27
329,1798691,624,136,800,263,23,schistosoma,2021-10-25 22:07:26
330,1798692,267,444,388,636,23,schistosoma,2021-10-26 00:32:27
331,1798734,165,202,295,347,23,schistosoma,2021-10-26 00:32:27
332,1798968,371,189,577,302,23,schistosoma,2021-10-25 23:03:23
333,1798971,628,0,757,111,23,schistosoma,2021-10-26 00:32:27
334,1799137,915,322,1051,508,23,schistosoma,2021-10-26 00:32:27
335,1799210,953,123,1140,238,23,schistosoma,2021-10-25 21:39:39
336,1799214,32,118,225,228,23,schistosoma,2021-10-25 21:39:39
337,1799248,723,0,851,72,23,schistosoma,2021-10-25 21:39:39
338,1799375,853,211,1015,332,23,schistosoma,2021-10-25 21:39:39
339,1799406,332,401,466,598,23,schistosoma,2021-11-09 11:15:36
340,1799416,374,517,507,695,23,schistosoma,2021-10-26 00:32:27
341,1799557,506,251,641,410,23,schistosoma,2021-10-26 00:32:27
342,1799613,844,702,847,704,23,schistosoma,2021-11-09 11:15:36
343,1799685,131,0,243,96,23,schistosoma,2021-10-25 22:02:44
344,1799708,780,402,921,613,23,schistosoma,2021-10-25 22:07:26
345,1799722,254,0,395,130,23,schistosoma,2021-11-09 12:06:33
346,1799722,1096,283,1224,434,23,schistosoma,2021-11-09 12:06:33
347,1799728,860,184,993,325,23,schistosoma,2021-10-25 21:39:39
348,1799729,127,0,233,103,23,schistosoma,2021-10-26 00:32:27
349,1799729,877,139,1013,310,23,schistosoma,2021-10-26 00:32:27
350,1799744,511,0,673,142,23,schistosoma,2021-10-25 22:07:26
351,1799744,1187,437,1280,523,23,schistosoma,2021-10-25 22:07:26
352,1799931,128,642,298,719,23,schistosoma,2021-10-25 21:39:39
353,1799931,141,370,253,530,23,schistosoma,2021-10-25 21:39:39
354,1799975,1062,519,1191,719,23,schistosoma,2021-10-25 22:02:44
355,1800041,560,413,697,593,23,schistosoma,2021-10-25 22:07:26
356,1800062,797,64,926,215,23,schistosoma,2021-10-25 23:03:23
357,1800129,401,193,587,328,23,schistosoma,2021-11-09 12:06:33
358,1800138,402,235,527,419,23,schistosoma,2021-10-26 00:32:27
359,1800169,0,269,140,383,23,schistosoma,2021-11-09 12:06:33
360,1800179,344,218,492,412,23,schistosoma,2021-11-09 12:06:33
361,1800179,1010,136,1180,308,23,schistosoma,2021-11-09 12:06:33
362,1800232,371,363,507,549,23,schistosoma,2021-11-09 11:15:36
363,1800232,647,154,847,286,23,schistosoma,2021-11-09 11:15:36
364,1800294,1076,0,1218,136,23,schistosoma,2021-10-25 22:07:26
365,1800382,425,0,578,109,23,schistosoma,2021-10-25 21:39:39
366,1800398,254,293,376,446,23,schistosoma,2021-10-25 22:07:26
367,1800599,517,41,642,206,23,schistosoma,2021-10-25 23:03:23
368,1800619,706,190,873,293,23,schistosoma,2021-10-25 21:39:39
369,1800721,16,288,236,407,23,schistosoma,2021-11-09 12:06:33
370,1800761,796,232,958,365,23,schistosoma,2021-11-09 12:06:33
371,1800861,1151,372,1295,561,23,schistosoma,2021-11-09 11:15:36
372,1801070,952,259,1143,373,23,schistosoma,2021-10-25 21:02:38
373,1801250,545,85,678,242,23,schistosoma,2021-10-25 21:31:57
374,1801369,348,498,476,668,23,schistosoma,2021-11-09 11:15:36
375,1801452,135,0,249,55,23,schistosoma,2021-10-25 21:02:38
376,1801543,926,270,1123,413,23,schistosoma,2021-11-09 12:28:06
377,1801624,658,296,774,457,23,schistosoma,2021-10-25 21:02:38
378,1801638,695,0,813,112,23,schistosoma,2021-10-25 21:31:57
379,1801722,0,324,104,508,23,schistosoma,2021-11-09 12:28:06
380,1801722,576,354,784,505,23,schistosoma,2021-11-09 12:28:06
381,1801736,31,100,211,245,23,schistosoma,2021-11-09 12:28:06
382,1801736,724,0,867,169,23,schistosoma,2021-11-09 12:28:06
383,1801772,49,510,201,655,23,schistosoma,2021-10-25 21:31:57
384,1801927,9,105,203,228,23,schistosoma,2021-10-25 23:03:23
385,1801957,764,512,924,636,23,schistosoma,2021-10-25 22:12:13
386,1802094,508,511,673,611,23,schistosoma,2021-10-25 21:39:39
387,1802158,1107,499,1214,653,23,schistosoma,2021-10-25 21:31:57
388,1802339,380,38,484,178,23,schistosoma,2021-10-25 21:02:38
389,1802394,135,224,311,336,23,schistosoma,2021-10-25 23:03:23
390,1802439,297,298,416,481,23,schistosoma,2021-10-25 21:02:38
391,1802601,556,330,720,472,23,schistosoma,2021-10-25 23:03:23
392,1802702,507,78,671,186,23,schistosoma,2021-10-25 21:02:38
393,1802729,777,153,974,263,23,schistosoma,2021-10-25 21:02:38
394,1802756,713,574,888,720,23,schistosoma,2021-10-25 21:39:39
395,1802784,811,449,932,631,23,schistosoma,2021-10-25 21:31:57
396,1802818,486,344,631,542,23,schistosoma,2021-11-09 12:28:06
397,1802946,538,522,654,685,23,schistosoma,2021-10-25 21:39:39
398,1802986,891,337,1044,443,23,schistosoma,2021-10-25 21:31:57
399,1802990,526,667,650,720,23,schistosoma,2021-10-25 21:02:38
400,1803057,249,205,377,372,23,schistosoma,2021-11-09 12:28:06
401,1803125,37,0,160,109,23,schistosoma,2021-10-25 21:31:57
402,1803256,891,408,1012,588,23,schistosoma,2021-10-25 21:53:18
403,1803308,487,353,677,468,23,schistosoma,2021-10-25 21:31:57
404,1803410,927,39,1078,208,23,schistosoma,2021-10-25 21:53:18
405,1803485,892,20,1036,161,23,schistosoma,2021-10-25 21:02:38
406,1803592,1009,209,1167,389,23,schistosoma,2021-11-09 12:28:06
407,1803668,947,166,1090,343,23,schistosoma,2021-10-25 21:53:18
408,1803672,463,453,664,571,23,schistosoma,2021-10-25 21:31:57
409,1803742,723,471,870,587,23,schistosoma,2021-10-25 21:53:18
410,1803760,636,0,739,103,23,schistosoma,2021-10-25 21:02:38
411,1803983,0,38,65,207,23,schistosoma,2021-10-25 21:02:38
412,1803993,522,472,693,653,23,schistosoma,2021-10-25 21:53:18
413,1804003,625,256,733,428,23,schistosoma,2021-10-25 21:31:57
414,1804043,598,522,765,624,23,schistosoma,2021-10-25 21:31:57
415,1804058,903,597,1080,720,23,schistosoma,2021-10-25 22:25:09
416,1804076,333,389,540,537,23,schistosoma,2021-11-09 12:28:06
417,1804076,1018,298,1171,484,23,schistosoma,2021-11-09 12:28:06
418,1804246,1106,458,1247,618,23,schistosoma,2021-10-25 21:53:18
419,1804246,304,33,447,173,23,schistosoma,2021-10-25 21:53:18
420,1804278,446,500,641,627,23,schistosoma,2021-10-25 21:53:18
421,1804295,785,142,969,298,23,schistosoma,2021-11-09 12:28:06
422,1804309,169,555,282,720,23,schistosoma,2021-10-25 21:02:38
423,1804316,0,517,135,660,23,schistosoma,2021-10-25 21:02:38
424,1804316,1099,562,1224,719,23,schistosoma,2021-10-25 21:02:38
425,1804346,592,419,742,625,23,schistosoma,2021-11-09 12:28:06
426,1804451,839,284,1039,426,23,schistosoma,2021-11-09 12:28:06
427,1804461,863,360,1040,516,23,schistosoma,2021-10-25 21:02:38
428,1804558,0,303,98,415,23,schistosoma,2021-10-25 21:02:38
429,1804558,317,346,430,526,23,schistosoma,2021-10-25 21:02:38
430,1804618,0,507,165,616,23,schistosoma,2021-10-25 21:31:57
431,1804656,67,165,249,273,23,schistosoma,2021-10-25 21:53:18
432,1804786,442,85,632,251,23,schistosoma,2021-11-09 12:28:06
433,1804990,403,184,575,307,23,schistosoma,2021-10-25 21:14:19
434,1805027,875,171,1037,276,23,schistosoma,2021-10-25 22:25:09
435,1805054,0,0,64,81,23,schistosoma,2021-10-25 21:14:19
436,1805054,1180,2,1279,130,23,schistosoma,2021-10-25 21:14:19
437,1805164,127,237,247,417,23,schistosoma,2021-10-25 21:14:19
438,1805191,157,449,325,643,23,schistosoma,2021-11-09 12:28:06
439,1805318,454,113,598,240,23,schistosoma,2021-10-25 21:53:18
440,1805408,1106,110,1202,277,23,schistosoma,2021-10-25 22:25:09
441,1805473,19,29,225,172,23,schistosoma,2021-11-09 12:28:06
442,1805473,739,589,895,720,23,schistosoma,2021-11-09 12:28:06
443,1805505,516,19,640,214,23,schistosoma,2021-10-25 21:48:49
444,1805564,619,237,822,363,23,schistosoma,2021-11-09 12:28:06
445,1805577,488,54,641,267,23,schistosoma,2021-11-09 12:28:06
446,1805591,440,523,589,720,23,schistosoma,2021-11-09 12:28:06
447,1805814,577,586,726,720,23,schistosoma,2021-11-09 11:32:04
448,1805883,1137,459,1250,602,23,schistosoma,2021-10-25 22:25:09
449,1805913,522,128,656,323,23,schistosoma,2021-11-09 11:32:04
450,1805931,819,177,952,344,23,schistosoma,2021-10-25 21:48:49
451,1805933,683,36,875,163,23,schistosoma,2021-11-09 11:32:04
452,1805955,406,5,558,114,23,schistosoma,2021-10-25 21:53:18
453,1806027,45,99,191,245,23,schistosoma,2021-10-25 21:53:18
454,1806027,561,95,710,254,23,schistosoma,2021-10-25 21:53:18
455,1806036,820,316,999,429,23,schistosoma,2021-10-25 22:26:16
456,1806052,261,627,389,734,23,schistosoma,2021-11-09 12:28:06
457,1806085,440,9,642,177,23,schistosoma,2021-11-09 12:28:06
458,1806085,822,239,989,383,23,schistosoma,2021-11-09 12:28:06
459,1806112,764,87,970,239,23,schistosoma,2021-11-09 12:28:06
460,1806169,179,434,296,585,23,schistosoma,2021-10-25 21:14:19
461,1806169,764,371,891,569,23,schistosoma,2021-10-25 21:14:19
462,1806228,571,277,695,452,23,schistosoma,2021-10-25 21:48:49
463,1806249,1028,121,1205,248,23,schistosoma,2021-10-25 21:53:18
464,1806249,400,618,587,720,23,schistosoma,2021-10-25 21:53:18
465,1806264,159,157,266,308,23,schistosoma,2021-10-25 21:48:49
466,1806306,1117,103,1276,197,23,schistosoma,2021-10-25 22:41:18
467,1806343,0,212,95,324,23,schistosoma,2021-10-25 21:14:19
468,1806384,499,413,665,513,23,schistosoma,2021-10-25 22:26:16
469,1806416,746,266,924,387,23,schistosoma,2021-10-25 22:41:18
470,1806419,574,616,711,725,23,schistosoma,2021-11-09 12:28:06
471,1806539,881,490,1025,669,23,schistosoma,2021-11-09 12:28:06
472,1806561,171,433,335,552,23,schistosoma,2021-10-25 22:41:18
473,1806677,1101,6,1201,116,23,schistosoma,2021-10-25 22:41:18
474,1806705,428,375,556,534,23,schistosoma,2021-10-25 21:06:42
475,1806753,502,106,630,291,23,schistosoma,2021-11-09 12:28:06
476,1806802,121,135,284,248,23,schistosoma,2021-10-25 21:06:42
477,1806984,591,0,727,141,23,schistosoma,2021-10-25 22:26:16
478,1807026,297,48,430,189,23,schistosoma,2021-10-25 22:41:18
479,1807052,0,455,183,601,23,schistosoma,2021-10-25 21:06:42
480,1807143,1143,359,1268,492,23,schistosoma,2021-10-25 21:14:19
481,1807143,449,519,572,613,23,schistosoma,2021-10-25 21:14:19
482,1807305,376,278,515,445,23,schistosoma,2021-11-09 11:32:04
483,1807337,626,183,799,333,23,schistosoma,2021-10-25 21:06:42
484,1807393,1162,0,1279,128,23,schistosoma,2021-10-25 21:14:19
485,1807455,537,23,692,143,23,schistosoma,2021-10-25 21:48:49
486,1807546,285,530,413,657,23,schistosoma,2021-10-25 22:41:18
487,1807546,426,541,609,659,23,schistosoma,2021-10-25 22:41:18
488,1807623,545,188,665,350,23,schistosoma,2021-10-25 21:06:42
489,1807655,719,311,888,451,23,schistosoma,2021-10-25 21:48:49
490,1807753,927,263,1102,404,23,schistosoma,2021-11-09 12:21:21
491,1807764,373,0,501,132,23,schistosoma,2021-11-09 12:21:21
492,1807850,111,41,290,165,23,schistosoma,2021-10-25 21:14:19
493,1807903,70,424,174,592,23,schistosoma,2021-10-25 21:06:42
494,1808039,206,186,360,349,23,schistosoma,2021-11-09 11:32:04
495,1808039,687,64,864,219,23,schistosoma,2021-11-09 11:32:04
496,1808109,774,10,891,147,23,schistosoma,2021-10-25 22:26:16
497,1808212,113,172,272,316,23,schistosoma,2021-11-09 12:21:21
498,1808303,808,512,936,708,23,schistosoma,2021-11-09 12:21:21
499,1808335,43,105,215,250,23,schistosoma,2021-10-25 21:14:19
500,1808348,978,101,1156,233,23,schistosoma,2021-10-25 21:14:19
501,1808385,568,0,724,150,23,schistosoma,2021-11-09 11:32:04
502,1808445,0,38,102,181,23,schistosoma,2021-10-25 21:48:49
503,1808502,265,97,386,249,23,schistosoma,2021-10-25 22:26:16
504,1808514,509,379,696,502,23,schistosoma,2021-10-25 21:06:42
505,1808829,345,85,519,199,23,schistosoma,2021-10-25 22:26:16
506,1808829,697,427,822,537,23,schistosoma,2021-10-25 22:26:16
507,1808829,248,0,366,80,23,schistosoma,2021-10-25 22:26:16
508,1808882,697,401,841,593,23,schistosoma,2021-10-25 21:06:42
509,1808900,831,166,977,318,23,schistosoma,2021-10-25 22:41:18
510,1808967,172,472,289,649,23,schistosoma,2021-10-25 21:48:49
511,1808979,1098,478,1222,662,23,schistosoma,2021-10-25 21:48:49
512,1809081,654,63,843,248,23,schistosoma,2021-11-09 11:32:04
513,1809161,535,176,709,290,23,schistosoma,2021-10-25 21:48:49
514,1809207,953,412,1079,582,23,schistosoma,2021-10-25 21:48:49
515,1809318,751,123,955,317,23,schistosoma,2021-11-09 12:21:21
516,1809432,380,360,495,497,23,schistosoma,2021-10-25 22:41:18
517,1809433,0,561,118,701,23,schistosoma,2021-10-25 21:48:49
518,1809530,129,301,323,433,23,schistosoma,2021-11-09 12:21:21
519,1809638,648,322,851,480,23,schistosoma,2021-10-25 21:06:42
520,1809706,780,353,915,531,23,schistosoma,2021-10-25 21:48:49
521,1809923,610,0,761,111,23,schistosoma,2021-10-25 21:48:49
522,1810243,311,185,456,355,23,schistosoma,2021-10-25 22:57:43
523,1810476,990,473,1160,633,23,schistosoma,2021-10-25 21:06:42
524,1810533,514,93,688,248,23,schistosoma,2021-11-09 11:21:59
525,1810569,210,545,392,703,23,schistosoma,2021-11-09 11:21:59
526,1810569,401,592,540,720,23,schistosoma,2021-11-09 11:21:59
527,1810666,624,541,757,714,23,schistosoma,2021-10-25 22:57:43
528,1810703,97,476,243,637,23,schistosoma,2021-11-09 11:21:59
529,1810737,507,233,681,376,23,schistosoma,2021-11-09 11:21:59
530,1810744,71,511,245,666,23,schistosoma,2021-10-25 22:22:57
531,1810747,1032,537,1207,690,23,schistosoma,2021-11-09 11:21:59
532,1811003,988,402,1130,556,23,schistosoma,2021-11-09 11:21:59
533,1811082,747,348,896,546,23,schistosoma,2021-10-25 21:41:43
534,1811167,0,25,73,206,23,schistosoma,2021-10-25 22:57:43
535,1811184,784,0,960,151,23,schistosoma,2021-11-09 11:21:59
536,1811200,790,281,929,494,23,schistosoma,2021-10-25 22:57:43
537,1811219,800,593,966,720,23,schistosoma,2021-11-09 11:21:59
538,1811436,1133,598,1277,719,23,schistosoma,2021-10-25 22:57:43
539,1811436,201,317,332,494,23,schistosoma,2021-10-25 22:57:43
540,1811444,203,606,366,719,23,schistosoma,2021-10-25 22:57:43
541,1811616,175,130,310,328,23,schistosoma,2021-11-09 11:21:59
542,1811616,282,7,439,193,23,schistosoma,2021-11-09 11:21:59
543,1811651,612,107,795,252,23,schistosoma,2021-10-25 22:57:43
544,1811661,783,316,939,480,23,schistosoma,2021-11-09 11:21:59
545,1811707,669,99,797,267,23,schistosoma,2021-10-25 21:41:43
546,1811794,361,0,478,114,23,schistosoma,2021-10-25 22:57:43
547,1811974,20,4,174,197,23,schistosoma,2021-11-09 12:45:54
548,1811974,834,285,1024,466,23,schistosoma,2021-11-09 12:45:54
549,1812048,502,198,650,383,23,schistosoma,2021-11-09 11:21:59
550,1812086,551,579,775,710,23,schistosoma,2021-11-09 11:21:59
551,1812375,427,150,576,346,23,schistosoma,2021-10-25 21:41:43
552,1812445,723,60,821,233,23,schistosoma,2021-10-25 22:57:43
553,1812462,368,0,522,162,23,schistosoma,2021-11-09 12:45:54
554,1812676,283,94,439,245,23,schistosoma,2021-11-09 11:21:59
555,1812860,200,127,382,260,23,schistosoma,2021-11-09 11:21:59
556,1812860,870,343,1007,531,23,schistosoma,2021-11-09 11:21:59
557,1812869,430,304,607,479,23,schistosoma,2021-11-09 12:45:54
558,1812938,66,223,215,401,23,schistosoma,2021-10-25 22:57:43
559,1812950,1005,171,1148,357,23,schistosoma,2021-10-25 21:41:43
560,1813108,48,57,180,237,23,schistosoma,2021-11-09 11:21:59
561,1813226,304,401,460,525,23,schistosoma,2021-10-25 22:57:43
562,1813226,328,322,457,407,23,schistosoma,2021-10-25 22:57:43
563,1813226,1003,454,1196,582,23,schistosoma,2021-10-25 22:57:43
564,1813320,1186,245,1279,369,23,schistosoma,2021-10-25 21:41:43
565,1813464,0,39,147,251,23,schistosoma,2021-11-09 12:45:54
566,1813671,145,533,332,664,23,schistosoma,2021-10-25 21:41:43
567,1813680,1071,543,1280,685,23,schistosoma,2021-10-25 21:41:43
568,1813706,0,132,166,280,23,schistosoma,2021-10-25 21:41:43
569,1813802,232,0,360,155,23,schistosoma,2021-11-09 11:21:59
570,1813802,751,305,904,486,23,schistosoma,2021-11-09 11:21:59
571,1813852,57,242,243,376,23,schistosoma,2021-10-25 22:57:43
572,1813852,0,458,147,622,23,schistosoma,2021-10-25 22:57:43
573,1813893,515,9,691,187,23,schistosoma,2021-11-09 12:45:54
574,1813937,603,407,759,576,23,schistosoma,2021-11-09 11:21:59
575,1813937,782,244,934,433,23,schistosoma,2021-11-09 11:21:59
576,1814146,67,371,218,565,23,schistosoma,2021-10-25 22:57:43
577,1814291,944,46,1073,205,23,schistosoma,2021-10-25 21:41:43
578,1814504,992,435,1129,626,23,schistosoma,2021-10-25 21:41:43
579,1814548,229,67,402,220,23,schistosoma,2021-11-09 11:21:59
580,1814588,909,498,1056,629,23,schistosoma,2021-11-09 11:21:59
581,1814638,586,355,764,472,23,schistosoma,2021-11-09 11:21:59
582,1814660,765,15,889,209,23,schistosoma,2021-10-25 22:57:43
583,1814681,828,355,1015,541,23,schistosoma,2021-11-09 11:21:59
584,1814974,255,37,437,168,23,schistosoma,2021-11-09 11:44:02
585,1815033,955,524,1096,690,23,schistosoma,2021-10-25 21:19:20
586,1815231,588,216,780,334,23,schistosoma,2021-10-25 22:02:56
587,1815278,672,393,815,625,23,schistosoma,2021-10-25 22:57:43
588,1815340,807,313,928,468,23,schistosoma,2021-10-25 22:57:43
589,1815348,842,285,973,439,23,schistosoma,2021-10-25 21:19:20
590,1815356,585,254,703,444,23,schistosoma,2021-10-25 21:19:20
591,1815454,1224,376,1280,470,23,schistosoma,2021-10-25 21:19:20
592,1815511,565,298,680,407,23,schistosoma,2021-10-25 21:19:20
593,1815511,653,2,801,165,23,schistosoma,2021-10-25 21:19:20
594,1815573,102,587,219,720,23,schistosoma,2021-10-25 22:57:43
595,1815587,606,176,798,318,23,schistosoma,2021-10-25 21:19:20
596,1815753,711,641,793,719,23,schistosoma,2021-10-25 21:19:20
597,1815762,1068,9,1196,187,23,schistosoma,2021-11-09 11:44:02
598,1815772,1034,200,1151,399,23,schistosoma,2021-10-25 22:57:43
599,1815801,627,365,826,481,23,schistosoma,2021-10-25 21:19:20
600,1815808,576,477,693,616,23,schistosoma,2021-10-25 21:19:20
601,1815967,1038,0,1178,171,23,schistosoma,2021-11-09 12:35:58
602,1815995,675,66,798,235,23,schistosoma,2021-10-25 21:19:20
603,1816099,789,443,978,576,23,schistosoma,2021-10-25 22:57:43
604,1816115,1075,197,1176,354,23,schistosoma,2021-10-25 21:19:20
605,1816142,1066,35,1204,172,23,schistosoma,2021-10-25 21:03:36
606,1816371,1056,552,1233,719,23,schistosoma,2021-11-09 12:35:58
607,1816632,849,433,984,609,23,schistosoma,2021-10-25 22:57:43
608,1816645,1082,54,1190,216,23,schistosoma,2021-10-25 21:03:36
609,1816652,598,35,765,173,23,schistosoma,2021-10-25 21:03:36
610,1816693,780,0,901,160,23,schistosoma,2021-10-25 22:57:43
611,1816826,457,66,669,189,23,schistosoma,2021-10-25 23:12:08
612,1816841,912,467,1053,641,23,schistosoma,2021-10-25 23:12:08
613,1816841,1160,470,1280,572,23,schistosoma,2021-10-25 23:12:08
614,1816878,1022,176,1192,302,23,schistosoma,2021-10-25 23:12:08
615,1817014,488,400,674,544,23,schistosoma,2021-11-09 11:44:02
616,1817019,901,127,1088,247,23,schistosoma,2021-10-25 21:19:20
617,1817066,488,536,592,670,23,schistosoma,2021-10-25 23:12:08
618,1817076,205,166,355,304,23,schistosoma,2021-10-25 23:12:08
619,1817082,1127,172,1280,310,23,schistosoma,2021-10-25 23:12:08
620,1817318,463,70,608,254,23,schistosoma,2021-11-09 11:44:02
621,1817318,595,455,699,639,23,schistosoma,2021-11-09 11:44:02
622,1817334,904,400,1062,576,23,schistosoma,2021-10-25 23:12:08
623,1817740,497,335,622,527,23,schistosoma,2021-10-25 22:02:56
624,1817785,621,110,763,253,23,schistosoma,2021-10-25 21:03:36
625,1817837,540,258,700,430,23,schistosoma,2021-10-25 21:19:20
626,1817874,1076,583,1263,707,23,schistosoma,2021-10-25 23:12:08
627,1817903,974,148,1106,317,23,schistosoma,2021-10-25 23:12:08
628,1818034,1052,13,1220,129,23,schistosoma,2021-10-25 23:12:08
629,1818036,849,107,1019,235,23,schistosoma,2021-10-25 21:19:20
630,1818093,241,353,348,493,23,schistosoma,2021-10-25 22:02:56
631,1818132,1148,0,1280,104,23,schistosoma,2021-10-25 23:12:08
632,1818185,0,225,120,338,23,schistosoma,2021-10-25 23:12:08
633,1818185,1029,505,1218,642,23,schistosoma,2021-10-25 23:12:08
634,1818202,541,565,663,720,23,schistosoma,2021-10-25 22:02:56
635,1818795,874,224,1002,398,23,schistosoma,2021-11-09 11:36:27
636,1818829,371,493,551,617,23,schistosoma,2021-10-25 23:12:08
637,1818896,374,41,556,156,23,schistosoma,2021-10-25 23:12:08
638,1818902,390,0,525,123,23,schistosoma,2021-10-25 21:53:40
639,1818934,786,0,900,62,23,schistosoma,2021-10-25 21:53:40
640,1819015,421,276,566,385,23,schistosoma,2021-10-25 21:53:40
641,1819049,0,554,68,637,23,schistosoma,2021-10-25 23:12:08
642,1819049,342,22,475,199,23,schistosoma,2021-10-25 23:12:08
643,1819081,23,296,158,434,23,schistosoma,2021-10-25 21:03:36
644,1819085,621,116,817,263,23,schistosoma,2021-11-09 12:35:58
645,1819171,320,573,512,706,23,schistosoma,2021-10-25 21:53:40
646,1819258,592,328,740,448,23,schistosoma,2021-10-25 23:12:08
647,1819399,495,644,669,719,23,schistosoma,2021-10-25 23:12:08
648,1819532,755,72,906,217,23,schistosoma,2021-10-25 21:37:53
649,1819620,546,433,676,578,23,schistosoma,2021-10-25 21:53:40
650,1819692,954,0,1069,71,23,schistosoma,2021-10-25 21:37:53
651,1819707,89,0,227,139,23,schistosoma,2021-10-25 21:37:53
652,1819707,686,155,804,336,23,schistosoma,2021-10-25 21:37:53
653,1819783,641,0,848,92,23,schistosoma,2021-10-25 23:12:08
654,1819968,57,619,267,719,23,schistosoma,2021-10-25 23:12:08
655,1820038,711,150,856,296,23,schistosoma,2021-10-25 21:53:40
656,1820093,0,209,120,387,23,schistosoma,2021-10-25 23:12:08
657,1820257,481,563,611,702,23,schistosoma,2021-10-25 21:37:53
658,1820261,766,113,967,238,23,schistosoma,2021-11-09 11:36:27
659,1820761,572,437,719,589,23,schistosoma,2021-11-09 11:36:27
660,1820768,945,271,1104,404,23,schistosoma,2021-10-25 21:53:40
661,1820776,5,268,143,389,23,schistosoma,2021-10-25 21:53:40
662,1820857,212,196,367,355,23,schistosoma,2021-10-25 21:53:40
663,1820923,74,482,196,668,23,schistosoma,2021-10-25 21:37:53
664,1820940,370,332,529,447,23,schistosoma,2021-10-25 23:27:52
665,1821216,354,198,505,316,23,schistosoma,2021-10-25 23:27:52
666,1821216,1051,239,1205,376,23,schistosoma,2021-10-25 23:27:52
667,1821318,399,216,538,390,23,schistosoma,2021-10-25 21:53:40
668,1821602,65,214,229,360,23,schistosoma,2021-11-09 11:36:27
669,1821770,837,223,983,395,23,schistosoma,2021-10-25 21:37:53
670,1821921,0,393,63,517,23,schistosoma,2021-11-09 12:59:49
671,1822186,329,0,496,127,23,schistosoma,2021-10-25 21:37:53
672,1822454,43,589,261,710,23,schistosoma,2021-11-09 12:59:49
673,1822461,965,591,1208,720,23,schistosoma,2021-11-09 12:59:49
674,1822560,747,152,854,351,23,schistosoma,2021-10-25 21:37:53
675,1822759,1048,587,1264,720,23,schistosoma,2021-11-09 12:59:49
676,1823150,357,0,551,82,23,schistosoma,2021-10-25 21:54:52
677,1823202,825,637,1006,720,23,schistosoma,2021-11-09 11:59:50
678,1823927,757,86,926,303,23,schistosoma,2021-11-09 11:59:50
679,1824063,960,430,1126,561,23,schistosoma,2021-10-25 23:49:33
680,1824651,931,526,1133,689,23,schistosoma,2021-11-09 12:59:49
681,1824796,380,166,540,360,23,schistosoma,2021-11-09 11:59:50
682,1825084,321,116,456,336,23,schistosoma,2021-10-25 23:49:33
683,1825084,993,87,1168,186,23,schistosoma,2021-10-25 23:49:33
684,1825525,24,119,186,296,23,schistosoma,2021-11-09 12:59:49
685,1825835,68,410,209,575,23,schistosoma,2021-11-09 11:01:44
686,1825873,133,503,349,641,23,schistosoma,2021-11-09 12:47:56
687,1825873,387,202,521,383,23,schistosoma,2021-11-09 12:47:56
688,1826016,98,334,281,505,23,schistosoma,2021-11-09 12:47:56
689,1826203,0,96,128,282,23,schistosoma,2021-11-09 12:47:56
690,1826203,396,330,566,494,23,schistosoma,2021-11-09 12:47:56
691,1826258,457,72,644,240,23,schistosoma,2021-11-09 12:47:56
692,1826432,809,611,966,720,23,schistosoma,2021-10-25 23:49:33
693,1826516,371,307,582,419,23,schistosoma,2021-10-25 21:54:52
694,1826553,479,552,611,720,23,schistosoma,2021-10-25 21:54:52
695,1826656,424,95,559,262,23,schistosoma,2021-10-25 23:49:33
696,1826756,381,169,510,346,23,schistosoma,2021-10-25 22:03:26
697,1826925,277,0,445,50,23,schistosoma,2021-10-25 22:03:26
698,1826950,247,524,429,661,23,schistosoma,2021-10-25 22:03:26
699,1827114,635,273,790,446,23,schistosoma,2021-11-09 11:59:50
700,1827114,733,650,931,722,23,schistosoma,2021-11-09 11:59:50
701,1827450,569,353,771,473,23,schistosoma,2021-10-25 22:03:26
702,1827662,528,476,645,636,23,schistosoma,2021-10-25 23:49:33
703,1827953,585,0,719,171,23,schistosoma,2021-10-25 22:03:26
704,1828007,175,469,382,626,23,schistosoma,2021-11-09 11:50:53
705,1828007,277,0,416,159,23,schistosoma,2021-11-09 11:50:53
706,1828007,881,245,1033,428,23,schistosoma,2021-11-09 11:50:53
707,1828013,1118,487,1280,620,23,schistosoma,2021-11-09 11:50:53
708,1828013,1197,3,1325,153,23,schistosoma,2021-11-09 11:50:53
709,1828029,0,481,86,623,23,schistosoma,2021-10-25 23:49:33
710,1828043,618,18,787,139,23,schistosoma,2021-11-09 11:50:53
711,1828043,769,6,937,141,23,schistosoma,2021-11-09 11:50:53
712,1828056,201,490,387,608,23,schistosoma,2021-10-25 23:49:33
713,1828178,517,58,640,250,23,schistosoma,2021-10-25 21:19:26
714,1828297,1137,378,1265,526,23,schistosoma,2021-11-09 11:50:53
715,1828390,19,195,175,355,23,schistosoma,2021-11-09 11:50:53
716,1828390,88,353,265,485,23,schistosoma,2021-11-09 11:50:53
717,1828390,271,379,399,547,23,schistosoma,2021-11-09 11:50:53
718,1828611,422,0,621,85,23,schistosoma,2021-10-26 00:05:32
719,1828838,682,2,873,126,23,schistosoma,2021-10-26 00:05:32
720,1828863,243,0,373,153,23,schistosoma,2021-10-25 21:19:26
721,1829075,955,200,1149,340,23,schistosoma,2021-11-09 11:50:53
722,1829201,1137,387,1291,581,23,schistosoma,2021-11-09 11:50:53
723,1829262,187,209,326,388,23,schistosoma,2021-11-09 10:55:03
724,1829270,1121,223,1249,398,23,schistosoma,2021-11-09 10:55:03
725,1829294,41,7,238,116,23,schistosoma,2021-10-26 00:05:32
726,1829408,795,592,975,712,23,schistosoma,2021-11-09 10:55:03
727,1829453,951,624,1080,724,23,schistosoma,2021-11-09 10:55:03
728,1829514,0,48,68,185,23,schistosoma,2021-10-26 00:05:32
729,1829533,628,249,781,426,23,schistosoma,2021-10-25 21:19:26
730,1829543,206,583,399,720,23,schistosoma,2021-11-09 11:50:53
731,1829599,88,425,264,560,23,schistosoma,2021-10-25 21:19:26
732,1829664,0,244,86,373,23,schistosoma,2021-11-09 11:50:53
733,1829753,330,545,537,657,23,schistosoma,2021-10-26 00:05:32
734,1829892,1078,365,1262,528,23,schistosoma,2021-10-26 00:05:32
735,1829932,928,199,1056,394,23,schistosoma,2021-11-09 13:13:41
736,1829936,799,369,965,542,23,schistosoma,2021-11-09 11:50:53
737,1829939,0,205,128,415,23,schistosoma,2021-11-09 13:13:41
738,1830042,277,175,405,330,23,schistosoma,2021-11-09 10:55:03
739,1830080,85,0,189,44,23,schistosoma,2021-10-25 22:03:26
740,1830080,954,560,1101,711,23,schistosoma,2021-10-25 22:03:26
741,1830120,402,32,574,175,23,schistosoma,2021-10-25 21:19:26
742,1830129,960,170,1093,312,23,schistosoma,2021-10-25 21:19:26
743,1830146,283,350,453,485,23,schistosoma,2021-10-26 00:05:32
744,1830199,493,306,653,473,23,schistosoma,2021-11-09 11:50:53
745,1830210,12,134,140,276,23,schistosoma,2021-11-09 10:55:03
746,1830234,269,224,465,376,23,schistosoma,2021-10-26 00:05:32
747,1830246,272,429,417,601,23,schistosoma,2021-11-09 10:55:03
748,1830246,676,463,830,623,23,schistosoma,2021-11-09 10:55:03
749,1830262,0,0,177,102,23,schistosoma,2021-10-26 00:05:32
750,1830272,270,468,405,599,23,schistosoma,2021-10-25 21:19:26
751,1830276,129,38,279,233,23,schistosoma,2021-10-26 00:05:32
752,1830297,123,116,251,283,23,schistosoma,2021-11-09 10:55:03
753,1830298,0,33,110,181,23,schistosoma,2021-10-25 22:03:26
754,1830392,549,0,692,181,23,schistosoma,2021-10-25 21:19:26
755,1830398,332,415,525,528,23,schistosoma,2021-10-26 00:05:32
756,1830444,0,296,105,417,23,schistosoma,2021-11-09 11:50:53
757,1830444,12,392,171,541,23,schistosoma,2021-11-09 11:50:53
758,1830469,986,371,1135,548,23,schistosoma,2021-10-25 22:03:26
759,1830486,696,29,892,157,23,schistosoma,2021-10-26 00:05:32
760,1830486,1045,634,1163,719,23,schistosoma,2021-10-26 00:05:32
761,1830502,0,222,112,392,23,schistosoma,2021-11-09 10:55:03
762,1830547,0,560,105,720,23,schistosoma,2021-11-09 10:55:03
763,1830547,905,55,1049,228,23,schistosoma,2021-11-09 10:55:03
764,1830590,732,645,904,720,23,schistosoma,2021-10-26 00:05:32
765,1830611,1180,0,1280,87,23,schistosoma,2021-10-25 22:03:26
766,1830624,261,0,457,70,23,schistosoma,2021-10-25 22:03:26
767,1830699,799,306,975,438,23,schistosoma,2021-11-09 11:50:53
768,1830757,539,373,726,499,23,schistosoma,2021-10-25 22:03:26
769,1830764,569,11,704,193,23,schistosoma,2021-10-26 00:05:32
770,1830774,1011,436,1183,570,23,schistosoma,2021-11-09 10:55:03
771,1830781,69,448,253,571,23,schistosoma,2021-11-09 10:55:03
772,1830785,244,554,427,687,23,schistosoma,2021-10-25 22:03:26
773,1830843,1011,492,1191,643,23,schistosoma,2021-10-26 00:05:32
774,1830875,57,349,188,502,23,schistosoma,2021-10-25 22:03:26
775,1830913,248,238,418,340,23,schistosoma,2021-10-26 00:05:32
776,1831042,84,421,238,514,23,schistosoma,2021-10-25 22:03:26
777,1831042,880,154,1016,336,23,schistosoma,2021-10-25 22:03:26
778,1831043,331,0,501,133,23,schistosoma,2021-11-09 11:50:53
779,1831112,705,350,897,494,23,schistosoma,2021-10-25 21:19:26
780,1831241,331,540,482,720,23,schistosoma,2021-11-09 11:50:53
781,1831336,1191,236,1280,374,23,schistosoma,2021-10-25 21:19:26
782,1831351,520,268,674,463,23,schistosoma,2021-11-09 11:50:53
783,1831351,801,160,965,339,23,schistosoma,2021-11-09 11:50:53
784,1831410,542,26,730,162,23,schistosoma,2021-10-25 21:19:26
785,1831466,104,390,244,583,23,schistosoma,2021-11-09 10:55:03
786,1831475,1043,413,1186,588,23,schistosoma,2021-11-09 10:55:03
787,1831489,213,315,342,480,23,schistosoma,2021-10-25 21:19:26
788,1831493,0,410,145,582,23,schistosoma,2021-10-26 00:05:32
789,1831646,1098,0,1272,164,23,schistosoma,2021-11-09 11:50:53
790,1831761,291,0,419,120,23,schistosoma,2021-11-09 13:13:41
791,1831808,785,338,965,482,23,schistosoma,2021-10-26 00:05:32
792,1831837,30,427,189,608,23,schistosoma,2021-11-09 11:50:53
793,1831854,712,0,915,126,23,schistosoma,2021-11-09 11:50:53
794,1831871,0,426,74,599,23,schistosoma,2021-11-09 11:50:53
795,1831871,960,580,1091,719,23,schistosoma,2021-11-09 11:50:53
796,1831989,253,0,401,118,23,schistosoma,2021-11-09 11:50:53
797,1831989,739,347,867,560,23,schistosoma,2021-11-09 11:50:53
798,1831993,493,106,686,241,23,schistosoma,2021-10-26 00:05:32
799,1832005,582,473,748,657,23,schistosoma,2021-11-09 11:50:53
800,1832135,930,158,1084,316,23,schistosoma,2021-11-09 10:55:03
801,1832176,239,311,347,457,23,schistosoma,2021-10-26 00:05:32
802,1832176,450,0,571,41,23,schistosoma,2021-10-26 00:05:32
803,1832176,875,135,1030,306,23,schistosoma,2021-10-26 00:05:32
804,1832293,808,61,952,235,23,schistosoma,2021-10-25 21:36:13
805,1832294,539,439,697,550,23,schistosoma,2021-10-26 00:05:32
806,1832380,319,556,484,706,23,schistosoma,2021-10-26 00:05:32
807,1832401,69,387,278,525,23,schistosoma,2021-11-09 11:50:53
808,1832545,678,493,867,640,23,schistosoma,2021-11-09 11:50:53
809,1832691,60,207,247,345,23,schistosoma,2021-10-26 00:05:32
810,1832691,296,398,464,579,23,schistosoma,2021-10-26 00:05:32
811,1832691,328,80,510,188,23,schistosoma,2021-10-26 00:05:32
812,1832696,72,478,200,631,23,schistosoma,2021-11-09 13:13:41
813,1832714,45,563,256,694,23,schistosoma,2021-10-26 00:05:32
814,1832719,877,246,1075,359,23,schistosoma,2021-11-09 11:50:53
815,1833068,199,82,350,193,23,schistosoma,2021-11-09 11:50:53
816,1833068,211,521,339,694,23,schistosoma,2021-11-09 11:50:53
817,1835432,320,332,465,490,23,schistosoma,2021-10-25 21:36:13
818,1835443,436,301,622,416,23,schistosoma,2021-10-25 21:36:13
819,1835777,1134,199,1245,382,23,schistosoma,2021-10-25 21:49:58
820,1836092,633,307,792,400,23,schistosoma,2021-11-09 11:39:11
