,image_path,original_filename,study_id,scan_uuid,focus_value,stack_id,obj_name
0,31/fba56d57-656e-4b6f-ba63-e4ba3ad083f5/I01631_X013_Y012_Z5107_600_375.jpg,I01631_X013_Y012_Z5107.jpg,31,fba56d57-656e-4b6f-ba63-e4ba3ad083f5,-2.82953,1658220,133
1,31/fba56d57-656e-4b6f-ba63-e4ba3ad083f5/I01632_X013_Y012_Z5175_600_375.jpg,I01632_X013_Y012_Z5175.jpg,31,fba56d57-656e-4b6f-ba63-e4ba3ad083f5,-2.70408,1658220,133
2,31/fba56d57-656e-4b6f-ba63-e4ba3ad083f5/I01633_X013_Y012_Z5722_600_375.jpg,I01633_X013_Y012_Z5722.jpg,31,fba56d57-656e-4b6f-ba63-e4ba3ad083f5,-2.6991799999999997,1658220,133
3,31/fba56d57-656e-4b6f-ba63-e4ba3ad083f5/I01634_X013_Y012_Z5244_600_375.jpg,I01634_X013_Y012_Z5244.jpg,31,fba56d57-656e-4b6f-ba63-e4ba3ad083f5,-2.5026599999999997,1658220,133
4,31/fba56d57-656e-4b6f-ba63-e4ba3ad083f5/I01635_X013_Y012_Z5654_600_375.jpg,I01635_X013_Y012_Z5654.jpg,31,fba56d57-656e-4b6f-ba63-e4ba3ad083f5,-2.3644999999999996,1658220,133
5,31/fba56d57-656e-4b6f-ba63-e4ba3ad083f5/I01636_X013_Y012_Z5312_600_375.jpg,I01636_X013_Y012_Z5312.jpg,31,fba56d57-656e-4b6f-ba63-e4ba3ad083f5,-1.78172,1658220,133
6,31/fba56d57-656e-4b6f-ba63-e4ba3ad083f5/I01637_X013_Y012_Z5585_600_375.jpg,I01637_X013_Y012_Z5585.jpg,31,fba56d57-656e-4b6f-ba63-e4ba3ad083f5,-1.5970499999999999,1658220,133
7,31/fba56d57-656e-4b6f-ba63-e4ba3ad083f5/I01638_X013_Y012_Z5517_600_375.jpg,I01638_X013_Y012_Z5517.jpg,31,fba56d57-656e-4b6f-ba63-e4ba3ad083f5,-0.2322999999999995,1658220,133
8,31/fba56d57-656e-4b6f-ba63-e4ba3ad083f5/I01639_X013_Y012_Z5380_600_375.jpg,I01639_X013_Y012_Z5380.jpg,31,fba56d57-656e-4b6f-ba63-e4ba3ad083f5,0.0,1658220,133
9,31/fba56d57-656e-4b6f-ba63-e4ba3ad083f5/I01640_X013_Y012_Z5449_600_375.jpg,I01640_X013_Y012_Z5449.jpg,31,fba56d57-656e-4b6f-ba63-e4ba3ad083f5,0.7714100000000004,1658220,133
10,31/71a07477-f074-4d0d-96ed-04efe7becf98/I01961_X008_Y012_Z4736_600_150.jpg,I01961_X008_Y012_Z4736.jpg,31,71a07477-f074-4d0d-96ed-04efe7becf98,-1.8167,1647451,13
11,31/71a07477-f074-4d0d-96ed-04efe7becf98/I01962_X008_Y012_Z4970_600_150.jpg,I01962_X008_Y012_Z4970.jpg,31,71a07477-f074-4d0d-96ed-04efe7becf98,-1.70088,1647451,13
12,31/71a07477-f074-4d0d-96ed-04efe7becf98/I01963_X008_Y012_Z5439_600_150.jpg,I01963_X008_Y012_Z5439.jpg,31,71a07477-f074-4d0d-96ed-04efe7becf98,-1.66089,1647451,13
13,31/71a07477-f074-4d0d-96ed-04efe7becf98/I01964_X008_Y012_Z5029_600_150.jpg,I01964_X008_Y012_Z5029.jpg,31,71a07477-f074-4d0d-96ed-04efe7becf98,-1.42352,1647451,13
14,31/71a07477-f074-4d0d-96ed-04efe7becf98/I01965_X008_Y012_Z5380_600_150.jpg,I01965_X008_Y012_Z5380.jpg,31,71a07477-f074-4d0d-96ed-04efe7becf98,-1.2935699999999999,1647451,13
15,31/71a07477-f074-4d0d-96ed-04efe7becf98/I01966_X008_Y012_Z5087_600_150.jpg,I01966_X008_Y012_Z5087.jpg,31,71a07477-f074-4d0d-96ed-04efe7becf98,-0.9234,1647451,13
16,31/71a07477-f074-4d0d-96ed-04efe7becf98/I01967_X008_Y012_Z5322_600_150.jpg,I01967_X008_Y012_Z5322.jpg,31,71a07477-f074-4d0d-96ed-04efe7becf98,-0.8409399999999998,1647451,13
17,31/71a07477-f074-4d0d-96ed-04efe7becf98/I01968_X008_Y012_Z5146_600_150.jpg,I01968_X008_Y012_Z5146.jpg,31,71a07477-f074-4d0d-96ed-04efe7becf98,-0.3989099999999999,1647451,13
18,31/71a07477-f074-4d0d-96ed-04efe7becf98/I01969_X008_Y012_Z5263_600_150.jpg,I01969_X008_Y012_Z5263.jpg,31,71a07477-f074-4d0d-96ed-04efe7becf98,-0.23914999999999997,1647451,13
19,31/71a07477-f074-4d0d-96ed-04efe7becf98/I01970_X008_Y012_Z5205_600_150.jpg,I01970_X008_Y012_Z5205.jpg,31,71a07477-f074-4d0d-96ed-04efe7becf98,0.0,1647451,13
20,31/fba56d57-656e-4b6f-ba63-e4ba3ad083f5/I01981_X014_Y014_Z5058_150_75.jpg,I01981_X014_Y014_Z5058.jpg,31,fba56d57-656e-4b6f-ba63-e4ba3ad083f5,-2.45262,1658248,141
21,31/fba56d57-656e-4b6f-ba63-e4ba3ad083f5/I01982_X014_Y014_Z5673_150_75.jpg,I01982_X014_Y014_Z5673.jpg,31,fba56d57-656e-4b6f-ba63-e4ba3ad083f5,-2.43594,1658248,141
22,31/fba56d57-656e-4b6f-ba63-e4ba3ad083f5/I01983_X014_Y014_Z5126_150_75.jpg,I01983_X014_Y014_Z5126.jpg,31,fba56d57-656e-4b6f-ba63-e4ba3ad083f5,-2.37617,1658248,141
23,31/fba56d57-656e-4b6f-ba63-e4ba3ad083f5/I01984_X014_Y014_Z5605_150_75.jpg,I01984_X014_Y014_Z5605.jpg,31,fba56d57-656e-4b6f-ba63-e4ba3ad083f5,-2.20534,1658248,141
24,31/fba56d57-656e-4b6f-ba63-e4ba3ad083f5/I01985_X014_Y014_Z5195_150_75.jpg,I01985_X014_Y014_Z5195.jpg,31,fba56d57-656e-4b6f-ba63-e4ba3ad083f5,-2.16122,1658248,141
25,31/fba56d57-656e-4b6f-ba63-e4ba3ad083f5/I01986_X014_Y014_Z5537_150_75.jpg,I01986_X014_Y014_Z5537.jpg,31,fba56d57-656e-4b6f-ba63-e4ba3ad083f5,-1.71917,1658248,141
26,31/fba56d57-656e-4b6f-ba63-e4ba3ad083f5/I01987_X014_Y014_Z5263_150_75.jpg,I01987_X014_Y014_Z5263.jpg,31,fba56d57-656e-4b6f-ba63-e4ba3ad083f5,-1.48358,1658248,141
27,31/fba56d57-656e-4b6f-ba63-e4ba3ad083f5/I01988_X014_Y014_Z5468_150_75.jpg,I01988_X014_Y014_Z5468.jpg,31,fba56d57-656e-4b6f-ba63-e4ba3ad083f5,-0.7978399999999999,1658248,141
28,31/fba56d57-656e-4b6f-ba63-e4ba3ad083f5/I01989_X014_Y014_Z5332_150_75.jpg,I01989_X014_Y014_Z5332.jpg,31,fba56d57-656e-4b6f-ba63-e4ba3ad083f5,-0.3852899999999999,1658248,141
29,31/fba56d57-656e-4b6f-ba63-e4ba3ad083f5/I01990_X014_Y014_Z5400_150_75.jpg,I01990_X014_Y014_Z5400.jpg,31,fba56d57-656e-4b6f-ba63-e4ba3ad083f5,0.0,1658248,141
30,31/fba56d57-656e-4b6f-ba63-e4ba3ad083f5/I02631_X016_Y017_Z5195_675_225.jpg,I02631_X016_Y017_Z5195.jpg,31,fba56d57-656e-4b6f-ba63-e4ba3ad083f5,-2.23827,1658297,151
31,31/fba56d57-656e-4b6f-ba63-e4ba3ad083f5/I02632_X016_Y017_Z5810_675_225.jpg,I02632_X016_Y017_Z5810.jpg,31,fba56d57-656e-4b6f-ba63-e4ba3ad083f5,-2.1691000000000003,1658297,151
32,31/fba56d57-656e-4b6f-ba63-e4ba3ad083f5/I02633_X016_Y017_Z5263_675_225.jpg,I02633_X016_Y017_Z5263.jpg,31,fba56d57-656e-4b6f-ba63-e4ba3ad083f5,-1.94231,1658297,151
33,31/fba56d57-656e-4b6f-ba63-e4ba3ad083f5/I02634_X016_Y017_Z5742_675_225.jpg,I02634_X016_Y017_Z5742.jpg,31,fba56d57-656e-4b6f-ba63-e4ba3ad083f5,-1.7410200000000002,1658297,151
34,31/fba56d57-656e-4b6f-ba63-e4ba3ad083f5/I02635_X016_Y017_Z5332_675_225.jpg,I02635_X016_Y017_Z5332.jpg,31,fba56d57-656e-4b6f-ba63-e4ba3ad083f5,-1.3643,1658297,151
35,31/fba56d57-656e-4b6f-ba63-e4ba3ad083f5/I02636_X016_Y017_Z5673_675_225.jpg,I02636_X016_Y017_Z5673.jpg,31,fba56d57-656e-4b6f-ba63-e4ba3ad083f5,-1.09964,1658297,151
36,31/fba56d57-656e-4b6f-ba63-e4ba3ad083f5/I02637_X016_Y017_Z5400_675_225.jpg,I02637_X016_Y017_Z5400.jpg,31,fba56d57-656e-4b6f-ba63-e4ba3ad083f5,-0.5952100000000002,1658297,151
37,31/fba56d57-656e-4b6f-ba63-e4ba3ad083f5/I02638_X016_Y017_Z5605_675_225.jpg,I02638_X016_Y017_Z5605.jpg,31,fba56d57-656e-4b6f-ba63-e4ba3ad083f5,-0.5207000000000002,1658297,151
38,31/fba56d57-656e-4b6f-ba63-e4ba3ad083f5/I02639_X016_Y017_Z5537_675_225.jpg,I02639_X016_Y017_Z5537.jpg,31,fba56d57-656e-4b6f-ba63-e4ba3ad083f5,0.0,1658297,151
39,31/fba56d57-656e-4b6f-ba63-e4ba3ad083f5/I02640_X016_Y017_Z5468_675_225.jpg,I02640_X016_Y017_Z5468.jpg,31,fba56d57-656e-4b6f-ba63-e4ba3ad083f5,0.08878999999999948,1658297,151
40,31/6c58be68-7fd0-4d24-8330-48937f7948d6/I00091_X017_Y002_Z4453_75_75.jpg,I00091_X017_Y002_Z4453.jpg,31,6c58be68-7fd0-4d24-8330-48937f7948d6,-1.7593999999999999,1649053,29
41,31/6c58be68-7fd0-4d24-8330-48937f7948d6/I00092_X017_Y002_Z4511_75_75.jpg,I00092_X017_Y002_Z4511.jpg,31,6c58be68-7fd0-4d24-8330-48937f7948d6,-1.63931,1649053,29
42,31/6c58be68-7fd0-4d24-8330-48937f7948d6/I00093_X017_Y002_Z4980_75_75.jpg,I00093_X017_Y002_Z4980.jpg,31,6c58be68-7fd0-4d24-8330-48937f7948d6,-1.6298,1649053,29
43,31/6c58be68-7fd0-4d24-8330-48937f7948d6/I00094_X017_Y002_Z4570_75_75.jpg,I00094_X017_Y002_Z4570.jpg,31,6c58be68-7fd0-4d24-8330-48937f7948d6,-1.423,1649053,29
44,31/6c58be68-7fd0-4d24-8330-48937f7948d6/I00095_X017_Y002_Z4921_75_75.jpg,I00095_X017_Y002_Z4921.jpg,31,6c58be68-7fd0-4d24-8330-48937f7948d6,-1.26513,1649053,29
45,31/6c58be68-7fd0-4d24-8330-48937f7948d6/I00096_X017_Y002_Z4628_75_75.jpg,I00096_X017_Y002_Z4628.jpg,31,6c58be68-7fd0-4d24-8330-48937f7948d6,-0.8576600000000001,1649053,29
46,31/6c58be68-7fd0-4d24-8330-48937f7948d6/I00097_X017_Y002_Z4863_75_75.jpg,I00097_X017_Y002_Z4863.jpg,31,6c58be68-7fd0-4d24-8330-48937f7948d6,-0.6610499999999999,1649053,29
47,31/6c58be68-7fd0-4d24-8330-48937f7948d6/I00098_X017_Y002_Z4687_75_75.jpg,I00098_X017_Y002_Z4687.jpg,31,6c58be68-7fd0-4d24-8330-48937f7948d6,-0.14305999999999974,1649053,29
48,31/6c58be68-7fd0-4d24-8330-48937f7948d6/I00099_X017_Y002_Z4804_75_75.jpg,I00099_X017_Y002_Z4804.jpg,31,6c58be68-7fd0-4d24-8330-48937f7948d6,0.0,1649053,29
49,31/6c58be68-7fd0-4d24-8330-48937f7948d6/I00100_X017_Y002_Z4746_75_75.jpg,I00100_X017_Y002_Z4746.jpg,31,6c58be68-7fd0-4d24-8330-48937f7948d6,0.23066999999999993,1649053,29
50,31/fba56d57-656e-4b6f-ba63-e4ba3ad083f5/I00791_X009_Y007_Z5625_525_0.jpg,I00791_X009_Y007_Z5625.jpg,31,fba56d57-656e-4b6f-ba63-e4ba3ad083f5,-3.1693399999999996,1658104,118
51,31/fba56d57-656e-4b6f-ba63-e4ba3ad083f5/I00792_X009_Y007_Z5009_525_0.jpg,I00792_X009_Y007_Z5009.jpg,31,fba56d57-656e-4b6f-ba63-e4ba3ad083f5,-3.1437099999999996,1658104,118
52,31/fba56d57-656e-4b6f-ba63-e4ba3ad083f5/I00793_X009_Y007_Z5078_525_0.jpg,I00793_X009_Y007_Z5078.jpg,31,fba56d57-656e-4b6f-ba63-e4ba3ad083f5,-3.0274699999999997,1658104,118
53,31/fba56d57-656e-4b6f-ba63-e4ba3ad083f5/I00794_X009_Y007_Z5556_525_0.jpg,I00794_X009_Y007_Z5556.jpg,31,fba56d57-656e-4b6f-ba63-e4ba3ad083f5,-2.82508,1658104,118
54,31/fba56d57-656e-4b6f-ba63-e4ba3ad083f5/I00795_X009_Y007_Z5146_525_0.jpg,I00795_X009_Y007_Z5146.jpg,31,fba56d57-656e-4b6f-ba63-e4ba3ad083f5,-2.6482499999999995,1658104,118
55,31/fba56d57-656e-4b6f-ba63-e4ba3ad083f5/I00796_X009_Y007_Z5488_525_0.jpg,I00796_X009_Y007_Z5488.jpg,31,fba56d57-656e-4b6f-ba63-e4ba3ad083f5,-2.1316299999999995,1658104,118
56,31/fba56d57-656e-4b6f-ba63-e4ba3ad083f5/I00797_X009_Y007_Z5214_525_0.jpg,I00797_X009_Y007_Z5214.jpg,31,fba56d57-656e-4b6f-ba63-e4ba3ad083f5,-1.7807299999999997,1658104,118
57,31/fba56d57-656e-4b6f-ba63-e4ba3ad083f5/I00798_X009_Y007_Z5419_525_0.jpg,I00798_X009_Y007_Z5419.jpg,31,fba56d57-656e-4b6f-ba63-e4ba3ad083f5,-0.7802199999999999,1658104,118
58,31/fba56d57-656e-4b6f-ba63-e4ba3ad083f5/I00799_X009_Y007_Z5283_525_0.jpg,I00799_X009_Y007_Z5283.jpg,31,fba56d57-656e-4b6f-ba63-e4ba3ad083f5,0.0,1658104,118
59,31/fba56d57-656e-4b6f-ba63-e4ba3ad083f5/I00800_X009_Y007_Z5351_525_0.jpg,I00800_X009_Y007_Z5351.jpg,31,fba56d57-656e-4b6f-ba63-e4ba3ad083f5,0.3536900000000003,1658104,118
60,31/2e66350d-9b1d-4f78-b66f-14f0d6eb23fc/I01551_X003_Y011_Z5166_1200_600.jpg,I01551_X003_Y011_Z5166.jpg,31,2e66350d-9b1d-4f78-b66f-14f0d6eb23fc,-6.76354,1666247,189
61,31/2e66350d-9b1d-4f78-b66f-14f0d6eb23fc/I01552_X003_Y011_Z5234_1200_600.jpg,I01552_X003_Y011_Z5234.jpg,31,2e66350d-9b1d-4f78-b66f-14f0d6eb23fc,-6.56835,1666247,189
62,31/2e66350d-9b1d-4f78-b66f-14f0d6eb23fc/I01553_X003_Y011_Z5781_1200_600.jpg,I01553_X003_Y011_Z5781.jpg,31,2e66350d-9b1d-4f78-b66f-14f0d6eb23fc,-6.51465,1666247,189
63,31/2e66350d-9b1d-4f78-b66f-14f0d6eb23fc/I01554_X003_Y011_Z5302_1200_600.jpg,I01554_X003_Y011_Z5302.jpg,31,2e66350d-9b1d-4f78-b66f-14f0d6eb23fc,-6.31699,1666247,189
64,31/2e66350d-9b1d-4f78-b66f-14f0d6eb23fc/I01555_X003_Y011_Z5712_1200_600.jpg,I01555_X003_Y011_Z5712.jpg,31,2e66350d-9b1d-4f78-b66f-14f0d6eb23fc,-5.70039,1666247,189
65,31/2e66350d-9b1d-4f78-b66f-14f0d6eb23fc/I01556_X003_Y011_Z5371_1200_600.jpg,I01556_X003_Y011_Z5371.jpg,31,2e66350d-9b1d-4f78-b66f-14f0d6eb23fc,-5.13615,1666247,189
66,31/2e66350d-9b1d-4f78-b66f-14f0d6eb23fc/I01557_X003_Y011_Z5644_1200_600.jpg,I01557_X003_Y011_Z5644.jpg,31,2e66350d-9b1d-4f78-b66f-14f0d6eb23fc,-4.08569,1666247,189
67,31/2e66350d-9b1d-4f78-b66f-14f0d6eb23fc/I01558_X003_Y011_Z5576_1200_600.jpg,I01558_X003_Y011_Z5576.jpg,31,2e66350d-9b1d-4f78-b66f-14f0d6eb23fc,-1.5852199999999996,1666247,189
68,31/2e66350d-9b1d-4f78-b66f-14f0d6eb23fc/I01559_X003_Y011_Z5439_1200_600.jpg,I01559_X003_Y011_Z5439.jpg,31,2e66350d-9b1d-4f78-b66f-14f0d6eb23fc,-1.5729099999999994,1666247,189
69,31/2e66350d-9b1d-4f78-b66f-14f0d6eb23fc/I01560_X003_Y011_Z5507_1200_600.jpg,I01560_X003_Y011_Z5507.jpg,31,2e66350d-9b1d-4f78-b66f-14f0d6eb23fc,0.0,1666247,189
70,31/19d37361-fee4-4382-b29b-fb657f233636/I02691_X005_Y016_Z4941_975_600.jpg,I02691_X005_Y016_Z4941.jpg,31,19d37361-fee4-4382-b29b-fb657f233636,-2.69095,1649634,46
71,31/19d37361-fee4-4382-b29b-fb657f233636/I02692_X005_Y016_Z5000_975_600.jpg,I02692_X005_Y016_Z5000.jpg,31,19d37361-fee4-4382-b29b-fb657f233636,-2.5047800000000002,1649634,46
72,31/19d37361-fee4-4382-b29b-fb657f233636/I02693_X005_Y016_Z5468_975_600.jpg,I02693_X005_Y016_Z5468.jpg,31,19d37361-fee4-4382-b29b-fb657f233636,-2.42314,1649634,46
73,31/19d37361-fee4-4382-b29b-fb657f233636/I02694_X005_Y016_Z5058_975_600.jpg,I02694_X005_Y016_Z5058.jpg,31,19d37361-fee4-4382-b29b-fb657f233636,-2.13315,1649634,46
74,31/19d37361-fee4-4382-b29b-fb657f233636/I02695_X005_Y016_Z5117_975_600.jpg,I02695_X005_Y016_Z5117.jpg,31,19d37361-fee4-4382-b29b-fb657f233636,-1.54982,1649634,46
75,31/19d37361-fee4-4382-b29b-fb657f233636/I02696_X005_Y016_Z5410_975_600.jpg,I02696_X005_Y016_Z5410.jpg,31,19d37361-fee4-4382-b29b-fb657f233636,-0.80402,1649634,46
76,31/19d37361-fee4-4382-b29b-fb657f233636/I02697_X005_Y016_Z5175_975_600.jpg,I02697_X005_Y016_Z5175.jpg,31,19d37361-fee4-4382-b29b-fb657f233636,-0.7725900000000001,1649634,46
77,31/19d37361-fee4-4382-b29b-fb657f233636/I02698_X005_Y016_Z5234_975_600.jpg,I02698_X005_Y016_Z5234.jpg,31,19d37361-fee4-4382-b29b-fb657f233636,0.0,1649634,46
78,31/19d37361-fee4-4382-b29b-fb657f233636/I02699_X005_Y016_Z5351_975_600.jpg,I02699_X005_Y016_Z5351.jpg,31,19d37361-fee4-4382-b29b-fb657f233636,0.28047999999999984,1649634,46
79,31/19d37361-fee4-4382-b29b-fb657f233636/I02700_X005_Y016_Z5292_975_600.jpg,I02700_X005_Y016_Z5292.jpg,31,19d37361-fee4-4382-b29b-fb657f233636,0.4860800000000003,1649634,46
80,31/9faa9262-1268-4de1-afb0-d38f9eb3b692/I01861_X024_Y009_Z4648_1200_375.jpg,I01861_X024_Y009_Z4648.jpg,31,9faa9262-1268-4de1-afb0-d38f9eb3b692,-4.047470000000001,1689926,251
81,31/9faa9262-1268-4de1-afb0-d38f9eb3b692/I01862_X024_Y009_Z4785_1200_375.jpg,I01862_X024_Y009_Z4785.jpg,31,9faa9262-1268-4de1-afb0-d38f9eb3b692,-4.0098400000000005,1689926,251
82,31/9faa9262-1268-4de1-afb0-d38f9eb3b692/I01863_X024_Y009_Z4853_1200_375.jpg,I01863_X024_Y009_Z4853.jpg,31,9faa9262-1268-4de1-afb0-d38f9eb3b692,-3.8872400000000003,1689926,251
83,31/9faa9262-1268-4de1-afb0-d38f9eb3b692/I01864_X024_Y009_Z5332_1200_375.jpg,I01864_X024_Y009_Z5332.jpg,31,9faa9262-1268-4de1-afb0-d38f9eb3b692,-3.67845,1689926,251
84,31/9faa9262-1268-4de1-afb0-d38f9eb3b692/I01865_X024_Y009_Z4921_1200_375.jpg,I01865_X024_Y009_Z4921.jpg,31,9faa9262-1268-4de1-afb0-d38f9eb3b692,-3.4781400000000002,1689926,251
85,31/9faa9262-1268-4de1-afb0-d38f9eb3b692/I01866_X024_Y009_Z5263_1200_375.jpg,I01866_X024_Y009_Z5263.jpg,31,9faa9262-1268-4de1-afb0-d38f9eb3b692,-2.73144,1689926,251
86,31/9faa9262-1268-4de1-afb0-d38f9eb3b692/I01867_X024_Y009_Z4990_1200_375.jpg,I01867_X024_Y009_Z4990.jpg,31,9faa9262-1268-4de1-afb0-d38f9eb3b692,-2.10975,1689926,251
87,31/9faa9262-1268-4de1-afb0-d38f9eb3b692/I01868_X024_Y009_Z5195_1200_375.jpg,I01868_X024_Y009_Z5195.jpg,31,9faa9262-1268-4de1-afb0-d38f9eb3b692,-0.9890300000000005,1689926,251
88,31/9faa9262-1268-4de1-afb0-d38f9eb3b692/I01869_X024_Y009_Z5058_1200_375.jpg,I01869_X024_Y009_Z5058.jpg,31,9faa9262-1268-4de1-afb0-d38f9eb3b692,0.0,1689926,251
89,31/9faa9262-1268-4de1-afb0-d38f9eb3b692/I01870_X024_Y009_Z5126_1200_375.jpg,I01870_X024_Y009_Z5126.jpg,31,9faa9262-1268-4de1-afb0-d38f9eb3b692,0.6395,1689926,251
90,31/db6784e7-fa75-49aa-804f-464fefe1dfc2/I02281_X012_Y015_Z5048_225_150.jpg,I02281_X012_Y015_Z5048.jpg,31,db6784e7-fa75-49aa-804f-464fefe1dfc2,-4.34154,1677250,238
91,31/db6784e7-fa75-49aa-804f-464fefe1dfc2/I02282_X012_Y015_Z5117_225_150.jpg,I02282_X012_Y015_Z5117.jpg,31,db6784e7-fa75-49aa-804f-464fefe1dfc2,-4.16596,1677250,238
92,31/db6784e7-fa75-49aa-804f-464fefe1dfc2/I02283_X012_Y015_Z5664_225_150.jpg,I02283_X012_Y015_Z5664.jpg,31,db6784e7-fa75-49aa-804f-464fefe1dfc2,-4.0846599999999995,1677250,238
93,31/db6784e7-fa75-49aa-804f-464fefe1dfc2/I02284_X012_Y015_Z5185_225_150.jpg,I02284_X012_Y015_Z5185.jpg,31,db6784e7-fa75-49aa-804f-464fefe1dfc2,-3.8749700000000002,1677250,238
94,31/db6784e7-fa75-49aa-804f-464fefe1dfc2/I02285_X012_Y015_Z5595_225_150.jpg,I02285_X012_Y015_Z5595.jpg,31,db6784e7-fa75-49aa-804f-464fefe1dfc2,-3.4891300000000003,1677250,238
95,31/db6784e7-fa75-49aa-804f-464fefe1dfc2/I02286_X012_Y015_Z5253_225_150.jpg,I02286_X012_Y015_Z5253.jpg,31,db6784e7-fa75-49aa-804f-464fefe1dfc2,-2.67,1677250,238
96,31/db6784e7-fa75-49aa-804f-464fefe1dfc2/I02287_X012_Y015_Z5527_225_150.jpg,I02287_X012_Y015_Z5527.jpg,31,db6784e7-fa75-49aa-804f-464fefe1dfc2,-2.32064,1677250,238
97,31/db6784e7-fa75-49aa-804f-464fefe1dfc2/I02288_X012_Y015_Z5322_225_150.jpg,I02288_X012_Y015_Z5322.jpg,31,db6784e7-fa75-49aa-804f-464fefe1dfc2,0.0,1677250,238
98,31/db6784e7-fa75-49aa-804f-464fefe1dfc2/I02289_X012_Y015_Z5458_225_150.jpg,I02289_X012_Y015_Z5458.jpg,31,db6784e7-fa75-49aa-804f-464fefe1dfc2,0.17380999999999958,1677250,238
99,31/db6784e7-fa75-49aa-804f-464fefe1dfc2/I02290_X012_Y015_Z5390_225_150.jpg,I02290_X012_Y015_Z5390.jpg,31,db6784e7-fa75-49aa-804f-464fefe1dfc2,1.8682899999999991,1677250,238
100,31/19d37361-fee4-4382-b29b-fb657f233636/I02891_X016_Y017_Z5498_150_675.jpg,I02891_X016_Y017_Z5498.jpg,31,19d37361-fee4-4382-b29b-fb657f233636,-2.88138,1649977,49
101,31/19d37361-fee4-4382-b29b-fb657f233636/I02892_X016_Y017_Z4970_150_675.jpg,I02892_X016_Y017_Z4970.jpg,31,19d37361-fee4-4382-b29b-fb657f233636,-2.7884700000000002,1649977,49
102,31/19d37361-fee4-4382-b29b-fb657f233636/I02893_X016_Y017_Z5439_150_675.jpg,I02893_X016_Y017_Z5439.jpg,31,19d37361-fee4-4382-b29b-fb657f233636,-2.5311500000000002,1649977,49
103,31/19d37361-fee4-4382-b29b-fb657f233636/I02894_X016_Y017_Z5029_150_675.jpg,I02894_X016_Y017_Z5029.jpg,31,19d37361-fee4-4382-b29b-fb657f233636,-2.5265000000000004,1649977,49
104,31/19d37361-fee4-4382-b29b-fb657f233636/I02895_X016_Y017_Z5087_150_675.jpg,I02895_X016_Y017_Z5087.jpg,31,19d37361-fee4-4382-b29b-fb657f233636,-1.8943500000000002,1649977,49
105,31/19d37361-fee4-4382-b29b-fb657f233636/I02896_X016_Y017_Z5380_150_675.jpg,I02896_X016_Y017_Z5380.jpg,31,19d37361-fee4-4382-b29b-fb657f233636,-1.8757300000000003,1649977,49
106,31/19d37361-fee4-4382-b29b-fb657f233636/I02897_X016_Y017_Z5322_150_675.jpg,I02897_X016_Y017_Z5322.jpg,31,19d37361-fee4-4382-b29b-fb657f233636,-0.9200600000000003,1649977,49
107,31/19d37361-fee4-4382-b29b-fb657f233636/I02898_X016_Y017_Z5146_150_675.jpg,I02898_X016_Y017_Z5146.jpg,31,19d37361-fee4-4382-b29b-fb657f233636,-0.8478700000000003,1649977,49
108,31/19d37361-fee4-4382-b29b-fb657f233636/I02899_X016_Y017_Z5205_150_675.jpg,I02899_X016_Y017_Z5205.jpg,31,19d37361-fee4-4382-b29b-fb657f233636,-0.008770000000000167,1649977,49
109,31/19d37361-fee4-4382-b29b-fb657f233636/I02900_X016_Y017_Z5263_150_675.jpg,I02900_X016_Y017_Z5263.jpg,31,19d37361-fee4-4382-b29b-fb657f233636,0.0,1649977,49
110,31/6e592015-f152-43be-aace-5949fb03fd34/I01251_X011_Y011_Z5664_900_225.jpg,I01251_X011_Y011_Z5664.jpg,31,6e592015-f152-43be-aace-5949fb03fd34,-5.82785,1649497,43
111,31/6e592015-f152-43be-aace-5949fb03fd34/I01252_X011_Y011_Z5048_900_225.jpg,I01252_X011_Y011_Z5048.jpg,31,6e592015-f152-43be-aace-5949fb03fd34,-5.674810000000001,1649497,43
112,31/6e592015-f152-43be-aace-5949fb03fd34/I01253_X011_Y011_Z5117_900_225.jpg,I01253_X011_Y011_Z5117.jpg,31,6e592015-f152-43be-aace-5949fb03fd34,-5.2755,1649497,43
113,31/6e592015-f152-43be-aace-5949fb03fd34/I01254_X011_Y011_Z5595_900_225.jpg,I01254_X011_Y011_Z5595.jpg,31,6e592015-f152-43be-aace-5949fb03fd34,-4.29871,1649497,43
114,31/6e592015-f152-43be-aace-5949fb03fd34/I01255_X011_Y011_Z5185_900_225.jpg,I01255_X011_Y011_Z5185.jpg,31,6e592015-f152-43be-aace-5949fb03fd34,-4.19003,1649497,43
115,31/6e592015-f152-43be-aace-5949fb03fd34/I01256_X011_Y011_Z5527_900_225.jpg,I01256_X011_Y011_Z5527.jpg,31,6e592015-f152-43be-aace-5949fb03fd34,-2.9557,1649497,43
116,31/6e592015-f152-43be-aace-5949fb03fd34/I01257_X011_Y011_Z5458_900_225.jpg,I01257_X011_Y011_Z5458.jpg,31,6e592015-f152-43be-aace-5949fb03fd34,-1.9482600000000003,1649497,43
117,31/6e592015-f152-43be-aace-5949fb03fd34/I01258_X011_Y011_Z5253_900_225.jpg,I01258_X011_Y011_Z5253.jpg,31,6e592015-f152-43be-aace-5949fb03fd34,-1.9432400000000003,1649497,43
118,31/6e592015-f152-43be-aace-5949fb03fd34/I01259_X011_Y011_Z5390_900_225.jpg,I01259_X011_Y011_Z5390.jpg,31,6e592015-f152-43be-aace-5949fb03fd34,0.0,1649497,43
119,31/6e592015-f152-43be-aace-5949fb03fd34/I01260_X011_Y011_Z5322_900_225.jpg,I01260_X011_Y011_Z5322.jpg,31,6e592015-f152-43be-aace-5949fb03fd34,0.4332199999999995,1649497,43
120,31/6e592015-f152-43be-aace-5949fb03fd34/I00441_X011_Y005_Z5585_1200_150.jpg,I00441_X011_Y005_Z5585.jpg,31,6e592015-f152-43be-aace-5949fb03fd34,-0.6739199999999999,1649491,42
121,31/6e592015-f152-43be-aace-5949fb03fd34/I00442_X011_Y005_Z5517_1200_150.jpg,I00442_X011_Y005_Z5517.jpg,31,6e592015-f152-43be-aace-5949fb03fd34,0.0,1649491,42
122,31/6e592015-f152-43be-aace-5949fb03fd34/I00443_X011_Y005_Z4970_1200_150.jpg,I00443_X011_Y005_Z4970.jpg,31,6e592015-f152-43be-aace-5949fb03fd34,0.21967999999999988,1649491,42
123,31/6e592015-f152-43be-aace-5949fb03fd34/I00444_X011_Y005_Z5449_1200_150.jpg,I00444_X011_Y005_Z5449.jpg,31,6e592015-f152-43be-aace-5949fb03fd34,1.3212899999999999,1649491,42
124,31/6e592015-f152-43be-aace-5949fb03fd34/I00445_X011_Y005_Z5039_1200_150.jpg,I00445_X011_Y005_Z5039.jpg,31,6e592015-f152-43be-aace-5949fb03fd34,1.9182200000000003,1649491,42
125,31/6e592015-f152-43be-aace-5949fb03fd34/I00446_X011_Y005_Z5380_1200_150.jpg,I00446_X011_Y005_Z5380.jpg,31,6e592015-f152-43be-aace-5949fb03fd34,2.5491500000000005,1649491,42
126,31/6e592015-f152-43be-aace-5949fb03fd34/I00447_X011_Y005_Z5107_1200_150.jpg,I00447_X011_Y005_Z5107.jpg,31,6e592015-f152-43be-aace-5949fb03fd34,3.73436,1649491,42
127,31/6e592015-f152-43be-aace-5949fb03fd34/I00448_X011_Y005_Z5312_1200_150.jpg,I00448_X011_Y005_Z5312.jpg,31,6e592015-f152-43be-aace-5949fb03fd34,3.83736,1649491,42
128,31/6e592015-f152-43be-aace-5949fb03fd34/I00449_X011_Y005_Z5175_1200_150.jpg,I00449_X011_Y005_Z5175.jpg,31,6e592015-f152-43be-aace-5949fb03fd34,5.14658,1649491,42
129,31/6e592015-f152-43be-aace-5949fb03fd34/I00450_X011_Y005_Z5244_1200_150.jpg,I00450_X011_Y005_Z5244.jpg,31,6e592015-f152-43be-aace-5949fb03fd34,5.192449999999999,1649491,42
130,31/fba56d57-656e-4b6f-ba63-e4ba3ad083f5/I03771_X005_Y024_Z5029_300_525.jpg,I03771_X005_Y024_Z5029.jpg,31,fba56d57-656e-4b6f-ba63-e4ba3ad083f5,-3.8078100000000004,1658012,105
131,31/fba56d57-656e-4b6f-ba63-e4ba3ad083f5/I03772_X005_Y024_Z5234_300_525.jpg,I03772_X005_Y024_Z5234.jpg,31,fba56d57-656e-4b6f-ba63-e4ba3ad083f5,-3.79233,1658012,105
132,31/fba56d57-656e-4b6f-ba63-e4ba3ad083f5/I03773_X005_Y024_Z5302_300_525.jpg,I03773_X005_Y024_Z5302.jpg,31,fba56d57-656e-4b6f-ba63-e4ba3ad083f5,-3.4966800000000005,1658012,105
133,31/fba56d57-656e-4b6f-ba63-e4ba3ad083f5/I03774_X005_Y024_Z5781_300_525.jpg,I03774_X005_Y024_Z5781.jpg,31,fba56d57-656e-4b6f-ba63-e4ba3ad083f5,-3.2115400000000003,1658012,105
134,31/fba56d57-656e-4b6f-ba63-e4ba3ad083f5/I03775_X005_Y024_Z5371_300_525.jpg,I03775_X005_Y024_Z5371.jpg,31,fba56d57-656e-4b6f-ba63-e4ba3ad083f5,-2.99358,1658012,105
135,31/fba56d57-656e-4b6f-ba63-e4ba3ad083f5/I03776_X005_Y024_Z5712_300_525.jpg,I03776_X005_Y024_Z5712.jpg,31,fba56d57-656e-4b6f-ba63-e4ba3ad083f5,-2.2270600000000003,1658012,105
136,31/fba56d57-656e-4b6f-ba63-e4ba3ad083f5/I03777_X005_Y024_Z5439_300_525.jpg,I03777_X005_Y024_Z5439.jpg,31,fba56d57-656e-4b6f-ba63-e4ba3ad083f5,-1.5542800000000003,1658012,105
137,31/fba56d57-656e-4b6f-ba63-e4ba3ad083f5/I03778_X005_Y024_Z5644_300_525.jpg,I03778_X005_Y024_Z5644.jpg,31,fba56d57-656e-4b6f-ba63-e4ba3ad083f5,-0.8657500000000002,1658012,105
138,31/fba56d57-656e-4b6f-ba63-e4ba3ad083f5/I03779_X005_Y024_Z5507_300_525.jpg,I03779_X005_Y024_Z5507.jpg,31,fba56d57-656e-4b6f-ba63-e4ba3ad083f5,-0.2804500000000001,1658012,105
139,31/fba56d57-656e-4b6f-ba63-e4ba3ad083f5/I03780_X005_Y024_Z5576_300_525.jpg,I03780_X005_Y024_Z5576.jpg,31,fba56d57-656e-4b6f-ba63-e4ba3ad083f5,0.0,1658012,105
140,31/d340cee7-10b0-4a4a-bb66-6724528574a0/I04611_X018_Y026_Z5888_1050_150.jpg,I04611_X018_Y026_Z5888.jpg,31,d340cee7-10b0-4a4a-bb66-6724528574a0,-6.04539,1663070,181
141,31/d340cee7-10b0-4a4a-bb66-6724528574a0/I04612_X018_Y026_Z5273_1050_150.jpg,I04612_X018_Y026_Z5273.jpg,31,d340cee7-10b0-4a4a-bb66-6724528574a0,-5.90599,1663070,181
142,31/d340cee7-10b0-4a4a-bb66-6724528574a0/I04613_X018_Y026_Z5820_1050_150.jpg,I04613_X018_Y026_Z5820.jpg,31,d340cee7-10b0-4a4a-bb66-6724528574a0,-5.7744,1663070,181
143,31/d340cee7-10b0-4a4a-bb66-6724528574a0/I04614_X018_Y026_Z5341_1050_150.jpg,I04614_X018_Y026_Z5341.jpg,31,d340cee7-10b0-4a4a-bb66-6724528574a0,-5.6486,1663070,181
144,31/d340cee7-10b0-4a4a-bb66-6724528574a0/I04615_X018_Y026_Z5751_1050_150.jpg,I04615_X018_Y026_Z5751.jpg,31,d340cee7-10b0-4a4a-bb66-6724528574a0,-5.07846,1663070,181
145,31/d340cee7-10b0-4a4a-bb66-6724528574a0/I04616_X018_Y026_Z5410_1050_150.jpg,I04616_X018_Y026_Z5410.jpg,31,d340cee7-10b0-4a4a-bb66-6724528574a0,-4.761290000000001,1663070,181
146,31/d340cee7-10b0-4a4a-bb66-6724528574a0/I04617_X018_Y026_Z5683_1050_150.jpg,I04617_X018_Y026_Z5683.jpg,31,d340cee7-10b0-4a4a-bb66-6724528574a0,-3.7954700000000003,1663070,181
147,31/d340cee7-10b0-4a4a-bb66-6724528574a0/I04618_X018_Y026_Z5478_1050_150.jpg,I04618_X018_Y026_Z5478.jpg,31,d340cee7-10b0-4a4a-bb66-6724528574a0,-1.84544,1663070,181
148,31/d340cee7-10b0-4a4a-bb66-6724528574a0/I04619_X018_Y026_Z5615_1050_150.jpg,I04619_X018_Y026_Z5615.jpg,31,d340cee7-10b0-4a4a-bb66-6724528574a0,-1.5001100000000003,1663070,181
149,31/d340cee7-10b0-4a4a-bb66-6724528574a0/I04620_X018_Y026_Z5546_1050_150.jpg,I04620_X018_Y026_Z5546.jpg,31,d340cee7-10b0-4a4a-bb66-6724528574a0,0.0,1663070,181
150,31/274d8969-aa7c-4ac0-be60-e753579393ad/I02221_X006_Y015_Z4970_750_600.jpg,I02221_X006_Y015_Z4970.jpg,31,274d8969-aa7c-4ac0-be60-e753579393ad,-1.5894400000000002,1661046,154
151,31/274d8969-aa7c-4ac0-be60-e753579393ad/I02222_X006_Y015_Z5029_750_600.jpg,I02222_X006_Y015_Z5029.jpg,31,274d8969-aa7c-4ac0-be60-e753579393ad,-1.5204900000000001,1661046,154
152,31/274d8969-aa7c-4ac0-be60-e753579393ad/I02223_X006_Y015_Z5498_750_600.jpg,I02223_X006_Y015_Z5498.jpg,31,274d8969-aa7c-4ac0-be60-e753579393ad,-1.4110500000000001,1661046,154
153,31/274d8969-aa7c-4ac0-be60-e753579393ad/I02224_X006_Y015_Z5087_750_600.jpg,I02224_X006_Y015_Z5087.jpg,31,274d8969-aa7c-4ac0-be60-e753579393ad,-1.37813,1661046,154
154,31/274d8969-aa7c-4ac0-be60-e753579393ad/I02225_X006_Y015_Z5439_750_600.jpg,I02225_X006_Y015_Z5439.jpg,31,274d8969-aa7c-4ac0-be60-e753579393ad,-1.0470300000000003,1661046,154
155,31/274d8969-aa7c-4ac0-be60-e753579393ad/I02226_X006_Y015_Z5146_750_600.jpg,I02226_X006_Y015_Z5146.jpg,31,274d8969-aa7c-4ac0-be60-e753579393ad,-0.9025600000000003,1661046,154
156,31/274d8969-aa7c-4ac0-be60-e753579393ad/I02227_X006_Y015_Z5380_750_600.jpg,I02227_X006_Y015_Z5380.jpg,31,274d8969-aa7c-4ac0-be60-e753579393ad,-0.5114800000000002,1661046,154
157,31/274d8969-aa7c-4ac0-be60-e753579393ad/I02228_X006_Y015_Z5205_750_600.jpg,I02228_X006_Y015_Z5205.jpg,31,274d8969-aa7c-4ac0-be60-e753579393ad,-0.2644200000000003,1661046,154
158,31/274d8969-aa7c-4ac0-be60-e753579393ad/I02229_X006_Y015_Z5322_750_600.jpg,I02229_X006_Y015_Z5322.jpg,31,274d8969-aa7c-4ac0-be60-e753579393ad,0.0,1661046,154
159,31/274d8969-aa7c-4ac0-be60-e753579393ad/I02230_X006_Y015_Z5263_750_600.jpg,I02230_X006_Y015_Z5263.jpg,31,274d8969-aa7c-4ac0-be60-e753579393ad,0.11827999999999994,1661046,154
160,31/9faa9262-1268-4de1-afb0-d38f9eb3b692/I01191_X007_Y007_Z4755_525_75.jpg,I01191_X007_Y007_Z4755.jpg,31,9faa9262-1268-4de1-afb0-d38f9eb3b692,-5.82597,1689205,243
161,31/9faa9262-1268-4de1-afb0-d38f9eb3b692/I01192_X007_Y007_Z4892_525_75.jpg,I01192_X007_Y007_Z4892.jpg,31,9faa9262-1268-4de1-afb0-d38f9eb3b692,-5.80757,1689205,243
162,31/9faa9262-1268-4de1-afb0-d38f9eb3b692/I01193_X007_Y007_Z4960_525_75.jpg,I01193_X007_Y007_Z4960.jpg,31,9faa9262-1268-4de1-afb0-d38f9eb3b692,-5.5717799999999995,1689205,243
163,31/9faa9262-1268-4de1-afb0-d38f9eb3b692/I01194_X007_Y007_Z5439_525_75.jpg,I01194_X007_Y007_Z5439.jpg,31,9faa9262-1268-4de1-afb0-d38f9eb3b692,-5.500929999999999,1689205,243
164,31/9faa9262-1268-4de1-afb0-d38f9eb3b692/I01195_X007_Y007_Z5029_525_75.jpg,I01195_X007_Y007_Z5029.jpg,31,9faa9262-1268-4de1-afb0-d38f9eb3b692,-4.94757,1689205,243
165,31/9faa9262-1268-4de1-afb0-d38f9eb3b692/I01196_X007_Y007_Z5371_525_75.jpg,I01196_X007_Y007_Z5371.jpg,31,9faa9262-1268-4de1-afb0-d38f9eb3b692,-4.39333,1689205,243
166,31/9faa9262-1268-4de1-afb0-d38f9eb3b692/I01197_X007_Y007_Z5097_525_75.jpg,I01197_X007_Y007_Z5097.jpg,31,9faa9262-1268-4de1-afb0-d38f9eb3b692,-2.84908,1689205,243
167,31/9faa9262-1268-4de1-afb0-d38f9eb3b692/I01198_X007_Y007_Z5302_525_75.jpg,I01198_X007_Y007_Z5302.jpg,31,9faa9262-1268-4de1-afb0-d38f9eb3b692,-2.0695999999999994,1689205,243
168,31/9faa9262-1268-4de1-afb0-d38f9eb3b692/I01199_X007_Y007_Z5166_525_75.jpg,I01199_X007_Y007_Z5166.jpg,31,9faa9262-1268-4de1-afb0-d38f9eb3b692,-0.3270199999999992,1689205,243
169,31/9faa9262-1268-4de1-afb0-d38f9eb3b692/I01200_X007_Y007_Z5234_525_75.jpg,I01200_X007_Y007_Z5234.jpg,31,9faa9262-1268-4de1-afb0-d38f9eb3b692,0.0,1689205,243
170,31/71a07477-f074-4d0d-96ed-04efe7becf98/I05051_X014_Y026_Z5673_525_0.jpg,I05051_X014_Y026_Z5673.jpg,31,71a07477-f074-4d0d-96ed-04efe7becf98,-1.53444,1647674,20
171,31/71a07477-f074-4d0d-96ed-04efe7becf98/I05052_X014_Y026_Z5146_525_0.jpg,I05052_X014_Y026_Z5146.jpg,31,71a07477-f074-4d0d-96ed-04efe7becf98,-1.45405,1647674,20
172,31/71a07477-f074-4d0d-96ed-04efe7becf98/I05053_X014_Y026_Z5615_525_0.jpg,I05053_X014_Y026_Z5615.jpg,31,71a07477-f074-4d0d-96ed-04efe7becf98,-1.3418,1647674,20
173,31/71a07477-f074-4d0d-96ed-04efe7becf98/I05054_X014_Y026_Z5205_525_0.jpg,I05054_X014_Y026_Z5205.jpg,31,71a07477-f074-4d0d-96ed-04efe7becf98,-1.25067,1647674,20
174,31/71a07477-f074-4d0d-96ed-04efe7becf98/I05055_X014_Y026_Z5556_525_0.jpg,I05055_X014_Y026_Z5556.jpg,31,71a07477-f074-4d0d-96ed-04efe7becf98,-0.9882900000000001,1647674,20
175,31/71a07477-f074-4d0d-96ed-04efe7becf98/I05056_X014_Y026_Z5263_525_0.jpg,I05056_X014_Y026_Z5263.jpg,31,71a07477-f074-4d0d-96ed-04efe7becf98,-0.95303,1647674,20
176,31/71a07477-f074-4d0d-96ed-04efe7becf98/I05057_X014_Y026_Z5322_525_0.jpg,I05057_X014_Y026_Z5322.jpg,31,71a07477-f074-4d0d-96ed-04efe7becf98,-0.48587999999999987,1647674,20
177,31/71a07477-f074-4d0d-96ed-04efe7becf98/I05058_X014_Y026_Z5498_525_0.jpg,I05058_X014_Y026_Z5498.jpg,31,71a07477-f074-4d0d-96ed-04efe7becf98,-0.44835,1647674,20
178,31/71a07477-f074-4d0d-96ed-04efe7becf98/I05059_X014_Y026_Z5380_525_0.jpg,I05059_X014_Y026_Z5380.jpg,31,71a07477-f074-4d0d-96ed-04efe7becf98,-0.021560000000000024,1647674,20
179,31/71a07477-f074-4d0d-96ed-04efe7becf98/I05060_X014_Y026_Z5439_525_0.jpg,I05060_X014_Y026_Z5439.jpg,31,71a07477-f074-4d0d-96ed-04efe7becf98,0.0,1647674,20
180,31/d340cee7-10b0-4a4a-bb66-6724528574a0/I05051_X006_Y028_Z5273_300_450.jpg,I05051_X006_Y028_Z5273.jpg,31,d340cee7-10b0-4a4a-bb66-6724528574a0,-3.85633,1662708,172
181,31/d340cee7-10b0-4a4a-bb66-6724528574a0/I05052_X006_Y028_Z5888_300_450.jpg,I05052_X006_Y028_Z5888.jpg,31,d340cee7-10b0-4a4a-bb66-6724528574a0,-3.7541199999999995,1662708,172
182,31/d340cee7-10b0-4a4a-bb66-6724528574a0/I05053_X006_Y028_Z5341_300_450.jpg,I05053_X006_Y028_Z5341.jpg,31,d340cee7-10b0-4a4a-bb66-6724528574a0,-3.67863,1662708,172
183,31/d340cee7-10b0-4a4a-bb66-6724528574a0/I05054_X006_Y028_Z5410_300_450.jpg,I05054_X006_Y028_Z5410.jpg,31,d340cee7-10b0-4a4a-bb66-6724528574a0,-3.3142199999999997,1662708,172
184,31/d340cee7-10b0-4a4a-bb66-6724528574a0/I05055_X006_Y028_Z5820_300_450.jpg,I05055_X006_Y028_Z5820.jpg,31,d340cee7-10b0-4a4a-bb66-6724528574a0,-3.2557099999999997,1662708,172
185,31/d340cee7-10b0-4a4a-bb66-6724528574a0/I05056_X006_Y028_Z5478_300_450.jpg,I05056_X006_Y028_Z5478.jpg,31,d340cee7-10b0-4a4a-bb66-6724528574a0,-2.29783,1662708,172
186,31/d340cee7-10b0-4a4a-bb66-6724528574a0/I05057_X006_Y028_Z5751_300_450.jpg,I05057_X006_Y028_Z5751.jpg,31,d340cee7-10b0-4a4a-bb66-6724528574a0,-2.2071899999999998,1662708,172
187,31/d340cee7-10b0-4a4a-bb66-6724528574a0/I05058_X006_Y028_Z5683_300_450.jpg,I05058_X006_Y028_Z5683.jpg,31,d340cee7-10b0-4a4a-bb66-6724528574a0,-0.6894399999999994,1662708,172
188,31/d340cee7-10b0-4a4a-bb66-6724528574a0/I05059_X006_Y028_Z5546_300_450.jpg,I05059_X006_Y028_Z5546.jpg,31,d340cee7-10b0-4a4a-bb66-6724528574a0,0.0,1662708,172
189,31/d340cee7-10b0-4a4a-bb66-6724528574a0/I05060_X006_Y028_Z5615_300_450.jpg,I05060_X006_Y028_Z5615.jpg,31,d340cee7-10b0-4a4a-bb66-6724528574a0,1.1080800000000002,1662708,172
190,31/71a07477-f074-4d0d-96ed-04efe7becf98/I05281_X012_Y027_Z5605_750_450.jpg,I05281_X012_Y027_Z5605.jpg,31,71a07477-f074-4d0d-96ed-04efe7becf98,-2.24207,1647605,17
191,31/71a07477-f074-4d0d-96ed-04efe7becf98/I05282_X012_Y027_Z5078_750_450.jpg,I05282_X012_Y027_Z5078.jpg,31,71a07477-f074-4d0d-96ed-04efe7becf98,-2.2308,1647605,17
192,31/71a07477-f074-4d0d-96ed-04efe7becf98/I05283_X012_Y027_Z5546_750_450.jpg,I05283_X012_Y027_Z5546.jpg,31,71a07477-f074-4d0d-96ed-04efe7becf98,-1.8912,1647605,17
193,31/71a07477-f074-4d0d-96ed-04efe7becf98/I05284_X012_Y027_Z5136_750_450.jpg,I05284_X012_Y027_Z5136.jpg,31,71a07477-f074-4d0d-96ed-04efe7becf98,-1.5498399999999997,1647605,17
194,31/71a07477-f074-4d0d-96ed-04efe7becf98/I05285_X012_Y027_Z5488_750_450.jpg,I05285_X012_Y027_Z5488.jpg,31,71a07477-f074-4d0d-96ed-04efe7becf98,-1.28504,1647605,17
195,31/71a07477-f074-4d0d-96ed-04efe7becf98/I05286_X012_Y027_Z5195_750_450.jpg,I05286_X012_Y027_Z5195.jpg,31,71a07477-f074-4d0d-96ed-04efe7becf98,-0.7591799999999997,1647605,17
196,31/71a07477-f074-4d0d-96ed-04efe7becf98/I05287_X012_Y027_Z5429_750_450.jpg,I05287_X012_Y027_Z5429.jpg,31,71a07477-f074-4d0d-96ed-04efe7becf98,-0.35535000000000005,1647605,17
197,31/71a07477-f074-4d0d-96ed-04efe7becf98/I05288_X012_Y027_Z5253_750_450.jpg,I05288_X012_Y027_Z5253.jpg,31,71a07477-f074-4d0d-96ed-04efe7becf98,0.0,1647605,17
198,31/71a07477-f074-4d0d-96ed-04efe7becf98/I05289_X012_Y027_Z5371_750_450.jpg,I05289_X012_Y027_Z5371.jpg,31,71a07477-f074-4d0d-96ed-04efe7becf98,0.25980000000000025,1647605,17
199,31/71a07477-f074-4d0d-96ed-04efe7becf98/I05290_X012_Y027_Z5312_750_450.jpg,I05290_X012_Y027_Z5312.jpg,31,71a07477-f074-4d0d-96ed-04efe7becf98,0.33237000000000005,1647605,17
200,31/fba56d57-656e-4b6f-ba63-e4ba3ad083f5/I03221_X005_Y021_Z5839_900_375.jpg,I03221_X005_Y021_Z5839.jpg,31,fba56d57-656e-4b6f-ba63-e4ba3ad083f5,-1.76335,1658009,102
201,31/fba56d57-656e-4b6f-ba63-e4ba3ad083f5/I03222_X005_Y021_Z5224_900_375.jpg,I03222_X005_Y021_Z5224.jpg,31,fba56d57-656e-4b6f-ba63-e4ba3ad083f5,-1.7464600000000001,1658009,102
202,31/fba56d57-656e-4b6f-ba63-e4ba3ad083f5/I03223_X005_Y021_Z5292_900_375.jpg,I03223_X005_Y021_Z5292.jpg,31,fba56d57-656e-4b6f-ba63-e4ba3ad083f5,-1.51606,1658009,102
203,31/fba56d57-656e-4b6f-ba63-e4ba3ad083f5/I03224_X005_Y021_Z5771_900_375.jpg,I03224_X005_Y021_Z5771.jpg,31,fba56d57-656e-4b6f-ba63-e4ba3ad083f5,-1.3718599999999999,1658009,102
204,31/fba56d57-656e-4b6f-ba63-e4ba3ad083f5/I03225_X005_Y021_Z5361_900_375.jpg,I03225_X005_Y021_Z5361.jpg,31,fba56d57-656e-4b6f-ba63-e4ba3ad083f5,-0.9329300000000003,1658009,102
205,31/fba56d57-656e-4b6f-ba63-e4ba3ad083f5/I03226_X005_Y021_Z5703_900_375.jpg,I03226_X005_Y021_Z5703.jpg,31,fba56d57-656e-4b6f-ba63-e4ba3ad083f5,-0.6175899999999999,1658009,102
206,31/fba56d57-656e-4b6f-ba63-e4ba3ad083f5/I03227_X005_Y021_Z5429_900_375.jpg,I03227_X005_Y021_Z5429.jpg,31,fba56d57-656e-4b6f-ba63-e4ba3ad083f5,0.0,1658009,102
207,31/fba56d57-656e-4b6f-ba63-e4ba3ad083f5/I03228_X005_Y021_Z5634_900_375.jpg,I03228_X005_Y021_Z5634.jpg,31,fba56d57-656e-4b6f-ba63-e4ba3ad083f5,0.17383999999999977,1658009,102
208,31/fba56d57-656e-4b6f-ba63-e4ba3ad083f5/I03229_X005_Y021_Z5566_900_375.jpg,I03229_X005_Y021_Z5566.jpg,31,fba56d57-656e-4b6f-ba63-e4ba3ad083f5,0.9256199999999999,1658009,102
209,31/fba56d57-656e-4b6f-ba63-e4ba3ad083f5/I03230_X005_Y021_Z5498_900_375.jpg,I03230_X005_Y021_Z5498.jpg,31,fba56d57-656e-4b6f-ba63-e4ba3ad083f5,0.9784299999999999,1658009,102
210,31/6e592015-f152-43be-aace-5949fb03fd34/I00381_X005_Y005_Z4980_825_600.jpg,I00381_X005_Y005_Z4980.jpg,31,6e592015-f152-43be-aace-5949fb03fd34,-5.568530000000001,1649367,34
211,31/6e592015-f152-43be-aace-5949fb03fd34/I00382_X005_Y005_Z5595_825_600.jpg,I00382_X005_Y005_Z5595.jpg,31,6e592015-f152-43be-aace-5949fb03fd34,-5.45105,1649367,34
212,31/6e592015-f152-43be-aace-5949fb03fd34/I00383_X005_Y005_Z5048_825_600.jpg,I00383_X005_Y005_Z5048.jpg,31,6e592015-f152-43be-aace-5949fb03fd34,-4.93506,1649367,34
213,31/6e592015-f152-43be-aace-5949fb03fd34/I00384_X005_Y005_Z5527_825_600.jpg,I00384_X005_Y005_Z5527.jpg,31,6e592015-f152-43be-aace-5949fb03fd34,-4.412840000000001,1649367,34
214,31/6e592015-f152-43be-aace-5949fb03fd34/I00385_X005_Y005_Z5117_825_600.jpg,I00385_X005_Y005_Z5117.jpg,31,6e592015-f152-43be-aace-5949fb03fd34,-3.7957,1649367,34
215,31/6e592015-f152-43be-aace-5949fb03fd34/I00386_X005_Y005_Z5458_825_600.jpg,I00386_X005_Y005_Z5458.jpg,31,6e592015-f152-43be-aace-5949fb03fd34,-2.9582500000000005,1649367,34
216,31/6e592015-f152-43be-aace-5949fb03fd34/I00387_X005_Y005_Z5390_825_600.jpg,I00387_X005_Y005_Z5390.jpg,31,6e592015-f152-43be-aace-5949fb03fd34,-1.9122500000000002,1649367,34
217,31/6e592015-f152-43be-aace-5949fb03fd34/I00388_X005_Y005_Z5185_825_600.jpg,I00388_X005_Y005_Z5185.jpg,31,6e592015-f152-43be-aace-5949fb03fd34,-1.6961000000000004,1649367,34
218,31/6e592015-f152-43be-aace-5949fb03fd34/I00389_X005_Y005_Z5322_825_600.jpg,I00389_X005_Y005_Z5322.jpg,31,6e592015-f152-43be-aace-5949fb03fd34,0.0,1649367,34
219,31/6e592015-f152-43be-aace-5949fb03fd34/I00390_X005_Y005_Z5253_825_600.jpg,I00390_X005_Y005_Z5253.jpg,31,6e592015-f152-43be-aace-5949fb03fd34,0.3178200000000002,1649367,34
220,31/274d8969-aa7c-4ac0-be60-e753579393ad/I03881_X009_Y024_Z5244_150_0.jpg,I03881_X009_Y024_Z5244.jpg,31,274d8969-aa7c-4ac0-be60-e753579393ad,-0.8805400000000001,1661140,157
221,31/274d8969-aa7c-4ac0-be60-e753579393ad/I03882_X009_Y024_Z5771_150_0.jpg,I03882_X009_Y024_Z5771.jpg,31,274d8969-aa7c-4ac0-be60-e753579393ad,-0.8165000000000002,1661140,157
222,31/274d8969-aa7c-4ac0-be60-e753579393ad/I03883_X009_Y024_Z5302_150_0.jpg,I03883_X009_Y024_Z5302.jpg,31,274d8969-aa7c-4ac0-be60-e753579393ad,-0.8111000000000002,1661140,157
223,31/274d8969-aa7c-4ac0-be60-e753579393ad/I03884_X009_Y024_Z5361_150_0.jpg,I03884_X009_Y024_Z5361.jpg,31,274d8969-aa7c-4ac0-be60-e753579393ad,-0.6547000000000003,1661140,157
224,31/274d8969-aa7c-4ac0-be60-e753579393ad/I03885_X009_Y024_Z5712_150_0.jpg,I03885_X009_Y024_Z5712.jpg,31,274d8969-aa7c-4ac0-be60-e753579393ad,-0.5956100000000002,1661140,157
225,31/274d8969-aa7c-4ac0-be60-e753579393ad/I03886_X009_Y024_Z5654_150_0.jpg,I03886_X009_Y024_Z5654.jpg,31,274d8969-aa7c-4ac0-be60-e753579393ad,-0.3885700000000001,1661140,157
226,31/274d8969-aa7c-4ac0-be60-e753579393ad/I03887_X009_Y024_Z5419_150_0.jpg,I03887_X009_Y024_Z5419.jpg,31,274d8969-aa7c-4ac0-be60-e753579393ad,-0.3884300000000003,1661140,157
227,31/274d8969-aa7c-4ac0-be60-e753579393ad/I03888_X009_Y024_Z5595_150_0.jpg,I03888_X009_Y024_Z5595.jpg,31,274d8969-aa7c-4ac0-be60-e753579393ad,-0.13427000000000033,1661140,157
228,31/274d8969-aa7c-4ac0-be60-e753579393ad/I03889_X009_Y024_Z5478_150_0.jpg,I03889_X009_Y024_Z5478.jpg,31,274d8969-aa7c-4ac0-be60-e753579393ad,-0.13366999999999996,1661140,157
229,31/274d8969-aa7c-4ac0-be60-e753579393ad/I03890_X009_Y024_Z5537_150_0.jpg,I03890_X009_Y024_Z5537.jpg,31,274d8969-aa7c-4ac0-be60-e753579393ad,0.0,1661140,157
230,31/679d4bad-e8d7-4094-8c70-486e4c091e21/I03801_X003_Y021_Z5166_600_525.jpg,I03801_X003_Y021_Z5166.jpg,31,679d4bad-e8d7-4094-8c70-486e4c091e21,-6.318910000000001,1653738,67
231,31/679d4bad-e8d7-4094-8c70-486e4c091e21/I03802_X003_Y021_Z5234_600_525.jpg,I03802_X003_Y021_Z5234.jpg,31,679d4bad-e8d7-4094-8c70-486e4c091e21,-6.15174,1653738,67
232,31/679d4bad-e8d7-4094-8c70-486e4c091e21/I03803_X003_Y021_Z5781_600_525.jpg,I03803_X003_Y021_Z5781.jpg,31,679d4bad-e8d7-4094-8c70-486e4c091e21,-6.142900000000001,1653738,67
233,31/679d4bad-e8d7-4094-8c70-486e4c091e21/I03804_X003_Y021_Z5302_600_525.jpg,I03804_X003_Y021_Z5302.jpg,31,679d4bad-e8d7-4094-8c70-486e4c091e21,-5.752790000000001,1653738,67
234,31/679d4bad-e8d7-4094-8c70-486e4c091e21/I03805_X003_Y021_Z5712_600_525.jpg,I03805_X003_Y021_Z5712.jpg,31,679d4bad-e8d7-4094-8c70-486e4c091e21,-5.548690000000001,1653738,67
235,31/679d4bad-e8d7-4094-8c70-486e4c091e21/I03806_X003_Y021_Z5644_600_525.jpg,I03806_X003_Y021_Z5644.jpg,31,679d4bad-e8d7-4094-8c70-486e4c091e21,-4.38612,1653738,67
236,31/679d4bad-e8d7-4094-8c70-486e4c091e21/I03807_X003_Y021_Z5371_600_525.jpg,I03807_X003_Y021_Z5371.jpg,31,679d4bad-e8d7-4094-8c70-486e4c091e21,-4.277840000000001,1653738,67
237,31/679d4bad-e8d7-4094-8c70-486e4c091e21/I03808_X003_Y021_Z5576_600_525.jpg,I03808_X003_Y021_Z5576.jpg,31,679d4bad-e8d7-4094-8c70-486e4c091e21,-2.1588700000000003,1653738,67
238,31/679d4bad-e8d7-4094-8c70-486e4c091e21/I03809_X003_Y021_Z5439_600_525.jpg,I03809_X003_Y021_Z5439.jpg,31,679d4bad-e8d7-4094-8c70-486e4c091e21,-1.1545700000000005,1653738,67
239,31/679d4bad-e8d7-4094-8c70-486e4c091e21/I03810_X003_Y021_Z5507_600_525.jpg,I03810_X003_Y021_Z5507.jpg,31,679d4bad-e8d7-4094-8c70-486e4c091e21,0.0,1653738,67
240,31/02061a59-9897-436e-a9ec-8a8937ab2e15/I06191_X020_Y030_Z5478_450_150.jpg,I06191_X020_Y030_Z5478.jpg,31,02061a59-9897-436e-a9ec-8a8937ab2e15,-1.6979400000000002,1657822,89
241,31/02061a59-9897-436e-a9ec-8a8937ab2e15/I06192_X020_Y030_Z5419_450_150.jpg,I06192_X020_Y030_Z5419.jpg,31,02061a59-9897-436e-a9ec-8a8937ab2e15,-1.44022,1657822,89
242,31/02061a59-9897-436e-a9ec-8a8937ab2e15/I06193_X020_Y030_Z5361_450_150.jpg,I06193_X020_Y030_Z5361.jpg,31,02061a59-9897-436e-a9ec-8a8937ab2e15,-0.9538600000000002,1657822,89
243,31/02061a59-9897-436e-a9ec-8a8937ab2e15/I06194_X020_Y030_Z5302_450_150.jpg,I06194_X020_Y030_Z5302.jpg,31,02061a59-9897-436e-a9ec-8a8937ab2e15,-0.49914000000000014,1657822,89
244,31/02061a59-9897-436e-a9ec-8a8937ab2e15/I06195_X020_Y030_Z4951_450_150.jpg,I06195_X020_Y030_Z4951.jpg,31,02061a59-9897-436e-a9ec-8a8937ab2e15,-0.17367,1657822,89
245,31/02061a59-9897-436e-a9ec-8a8937ab2e15/I06196_X020_Y030_Z5009_450_150.jpg,I06196_X020_Y030_Z5009.jpg,31,02061a59-9897-436e-a9ec-8a8937ab2e15,-0.16887000000000008,1657822,89
246,31/02061a59-9897-436e-a9ec-8a8937ab2e15/I06197_X020_Y030_Z5068_450_150.jpg,I06197_X020_Y030_Z5068.jpg,31,02061a59-9897-436e-a9ec-8a8937ab2e15,-0.16425,1657822,89
247,31/02061a59-9897-436e-a9ec-8a8937ab2e15/I06198_X020_Y030_Z5244_450_150.jpg,I06198_X020_Y030_Z5244.jpg,31,02061a59-9897-436e-a9ec-8a8937ab2e15,-0.1229300000000002,1657822,89
248,31/02061a59-9897-436e-a9ec-8a8937ab2e15/I06199_X020_Y030_Z5126_450_150.jpg,I06199_X020_Y030_Z5126.jpg,31,02061a59-9897-436e-a9ec-8a8937ab2e15,-0.09434000000000031,1657822,89
249,31/02061a59-9897-436e-a9ec-8a8937ab2e15/I06200_X020_Y030_Z5185_450_150.jpg,I06200_X020_Y030_Z5185.jpg,31,02061a59-9897-436e-a9ec-8a8937ab2e15,0.0,1657822,89
250,31/679d4bad-e8d7-4094-8c70-486e4c091e21/I03971_X020_Y021_Z5078_975_450.jpg,I03971_X020_Y021_Z5078.jpg,31,679d4bad-e8d7-4094-8c70-486e4c091e21,-5.06038,1654261,82
251,31/679d4bad-e8d7-4094-8c70-486e4c091e21/I03972_X020_Y021_Z5693_975_450.jpg,I03972_X020_Y021_Z5693.jpg,31,679d4bad-e8d7-4094-8c70-486e4c091e21,-4.93449,1654261,82
252,31/679d4bad-e8d7-4094-8c70-486e4c091e21/I03973_X020_Y021_Z5146_975_450.jpg,I03973_X020_Y021_Z5146.jpg,31,679d4bad-e8d7-4094-8c70-486e4c091e21,-4.805540000000001,1654261,82
253,31/679d4bad-e8d7-4094-8c70-486e4c091e21/I03974_X020_Y021_Z5625_975_450.jpg,I03974_X020_Y021_Z5625.jpg,31,679d4bad-e8d7-4094-8c70-486e4c091e21,-4.244400000000001,1654261,82
254,31/679d4bad-e8d7-4094-8c70-486e4c091e21/I03975_X020_Y021_Z5214_975_450.jpg,I03975_X020_Y021_Z5214.jpg,31,679d4bad-e8d7-4094-8c70-486e4c091e21,-4.2369,1654261,82
255,31/679d4bad-e8d7-4094-8c70-486e4c091e21/I03976_X020_Y021_Z5556_975_450.jpg,I03976_X020_Y021_Z5556.jpg,31,679d4bad-e8d7-4094-8c70-486e4c091e21,-2.89733,1654261,82
256,31/679d4bad-e8d7-4094-8c70-486e4c091e21/I03977_X020_Y021_Z5283_975_450.jpg,I03977_X020_Y021_Z5283.jpg,31,679d4bad-e8d7-4094-8c70-486e4c091e21,-2.49329,1654261,82
257,31/679d4bad-e8d7-4094-8c70-486e4c091e21/I03978_X020_Y021_Z5488_975_450.jpg,I03978_X020_Y021_Z5488.jpg,31,679d4bad-e8d7-4094-8c70-486e4c091e21,-0.7850400000000004,1654261,82
258,31/679d4bad-e8d7-4094-8c70-486e4c091e21/I03979_X020_Y021_Z5351_975_450.jpg,I03979_X020_Y021_Z5351.jpg,31,679d4bad-e8d7-4094-8c70-486e4c091e21,0.0,1654261,82
259,31/679d4bad-e8d7-4094-8c70-486e4c091e21/I03980_X020_Y021_Z5419_975_450.jpg,I03980_X020_Y021_Z5419.jpg,31,679d4bad-e8d7-4094-8c70-486e4c091e21,0.6877999999999993,1654261,82
260,31/679d4bad-e8d7-4094-8c70-486e4c091e21/I03971_X020_Y021_Z5078_975_600.jpg,I03971_X020_Y021_Z5078.jpg,31,679d4bad-e8d7-4094-8c70-486e4c091e21,-5.74818,1654261,82
261,31/679d4bad-e8d7-4094-8c70-486e4c091e21/I03972_X020_Y021_Z5693_975_600.jpg,I03972_X020_Y021_Z5693.jpg,31,679d4bad-e8d7-4094-8c70-486e4c091e21,-5.62229,1654261,82
262,31/679d4bad-e8d7-4094-8c70-486e4c091e21/I03973_X020_Y021_Z5146_975_600.jpg,I03973_X020_Y021_Z5146.jpg,31,679d4bad-e8d7-4094-8c70-486e4c091e21,-5.49334,1654261,82
263,31/679d4bad-e8d7-4094-8c70-486e4c091e21/I03974_X020_Y021_Z5625_975_600.jpg,I03974_X020_Y021_Z5625.jpg,31,679d4bad-e8d7-4094-8c70-486e4c091e21,-4.9322,1654261,82
264,31/679d4bad-e8d7-4094-8c70-486e4c091e21/I03975_X020_Y021_Z5214_975_600.jpg,I03975_X020_Y021_Z5214.jpg,31,679d4bad-e8d7-4094-8c70-486e4c091e21,-4.9247,1654261,82
265,31/679d4bad-e8d7-4094-8c70-486e4c091e21/I03976_X020_Y021_Z5556_975_600.jpg,I03976_X020_Y021_Z5556.jpg,31,679d4bad-e8d7-4094-8c70-486e4c091e21,-3.5851299999999995,1654261,82
266,31/679d4bad-e8d7-4094-8c70-486e4c091e21/I03977_X020_Y021_Z5283_975_600.jpg,I03977_X020_Y021_Z5283.jpg,31,679d4bad-e8d7-4094-8c70-486e4c091e21,-3.1810899999999993,1654261,82
267,31/679d4bad-e8d7-4094-8c70-486e4c091e21/I03978_X020_Y021_Z5488_975_600.jpg,I03978_X020_Y021_Z5488.jpg,31,679d4bad-e8d7-4094-8c70-486e4c091e21,-1.4728399999999997,1654261,82
268,31/679d4bad-e8d7-4094-8c70-486e4c091e21/I03979_X020_Y021_Z5351_975_600.jpg,I03979_X020_Y021_Z5351.jpg,31,679d4bad-e8d7-4094-8c70-486e4c091e21,-0.6877999999999993,1654261,82
269,31/679d4bad-e8d7-4094-8c70-486e4c091e21/I03980_X020_Y021_Z5419_975_600.jpg,I03980_X020_Y021_Z5419.jpg,31,679d4bad-e8d7-4094-8c70-486e4c091e21,0.0,1654261,82
270,31/fba56d57-656e-4b6f-ba63-e4ba3ad083f5/I03571_X008_Y023_Z5351_750_450.jpg,I03571_X008_Y023_Z5351.jpg,31,fba56d57-656e-4b6f-ba63-e4ba3ad083f5,-1.5553299999999999,1658092,115
271,31/fba56d57-656e-4b6f-ba63-e4ba3ad083f5/I03572_X008_Y023_Z5966_750_450.jpg,I03572_X008_Y023_Z5966.jpg,31,fba56d57-656e-4b6f-ba63-e4ba3ad083f5,-1.4767599999999996,1658092,115
272,31/fba56d57-656e-4b6f-ba63-e4ba3ad083f5/I03573_X008_Y023_Z5419_750_450.jpg,I03573_X008_Y023_Z5419.jpg,31,fba56d57-656e-4b6f-ba63-e4ba3ad083f5,-0.9444899999999996,1658092,115
273,31/fba56d57-656e-4b6f-ba63-e4ba3ad083f5/I03574_X008_Y023_Z5898_750_450.jpg,I03574_X008_Y023_Z5898.jpg,31,fba56d57-656e-4b6f-ba63-e4ba3ad083f5,-0.79358,1658092,115
274,31/fba56d57-656e-4b6f-ba63-e4ba3ad083f5/I03575_X008_Y023_Z5488_750_450.jpg,I03575_X008_Y023_Z5488.jpg,31,fba56d57-656e-4b6f-ba63-e4ba3ad083f5,0.0,1658092,115
275,31/fba56d57-656e-4b6f-ba63-e4ba3ad083f5/I03576_X008_Y023_Z5830_750_450.jpg,I03576_X008_Y023_Z5830.jpg,31,fba56d57-656e-4b6f-ba63-e4ba3ad083f5,0.11581000000000019,1658092,115
276,31/fba56d57-656e-4b6f-ba63-e4ba3ad083f5/I03577_X008_Y023_Z5556_750_450.jpg,I03577_X008_Y023_Z5556.jpg,31,fba56d57-656e-4b6f-ba63-e4ba3ad083f5,0.7383899999999999,1658092,115
277,31/fba56d57-656e-4b6f-ba63-e4ba3ad083f5/I03578_X008_Y023_Z5625_750_450.jpg,I03578_X008_Y023_Z5625.jpg,31,fba56d57-656e-4b6f-ba63-e4ba3ad083f5,0.8902600000000005,1658092,115
278,31/fba56d57-656e-4b6f-ba63-e4ba3ad083f5/I03579_X008_Y023_Z5761_750_450.jpg,I03579_X008_Y023_Z5761.jpg,31,fba56d57-656e-4b6f-ba63-e4ba3ad083f5,1.0994700000000002,1658092,115
279,31/fba56d57-656e-4b6f-ba63-e4ba3ad083f5/I03580_X008_Y023_Z5693_750_450.jpg,I03580_X008_Y023_Z5693.jpg,31,fba56d57-656e-4b6f-ba63-e4ba3ad083f5,1.1608100000000006,1658092,115
280,31/2e66350d-9b1d-4f78-b66f-14f0d6eb23fc/I03161_X005_Y018_Z5341_0_675.jpg,I03161_X005_Y018_Z5341.jpg,31,2e66350d-9b1d-4f78-b66f-14f0d6eb23fc,-5.3557,1666305,199
281,31/2e66350d-9b1d-4f78-b66f-14f0d6eb23fc/I03162_X005_Y018_Z5957_0_675.jpg,I03162_X005_Y018_Z5957.jpg,31,2e66350d-9b1d-4f78-b66f-14f0d6eb23fc,-5.3423,1666305,199
282,31/2e66350d-9b1d-4f78-b66f-14f0d6eb23fc/I03163_X005_Y018_Z5410_0_675.jpg,I03163_X005_Y018_Z5410.jpg,31,2e66350d-9b1d-4f78-b66f-14f0d6eb23fc,-5.0997900000000005,1666305,199
283,31/2e66350d-9b1d-4f78-b66f-14f0d6eb23fc/I03164_X005_Y018_Z5888_0_675.jpg,I03164_X005_Y018_Z5888.jpg,31,2e66350d-9b1d-4f78-b66f-14f0d6eb23fc,-4.94116,1666305,199
284,31/2e66350d-9b1d-4f78-b66f-14f0d6eb23fc/I03165_X005_Y018_Z5820_0_675.jpg,I03165_X005_Y018_Z5820.jpg,31,2e66350d-9b1d-4f78-b66f-14f0d6eb23fc,-4.19355,1666305,199
285,31/2e66350d-9b1d-4f78-b66f-14f0d6eb23fc/I03166_X005_Y018_Z5478_0_675.jpg,I03166_X005_Y018_Z5478.jpg,31,2e66350d-9b1d-4f78-b66f-14f0d6eb23fc,-4.17094,1666305,199
286,31/2e66350d-9b1d-4f78-b66f-14f0d6eb23fc/I03167_X005_Y018_Z5751_0_675.jpg,I03167_X005_Y018_Z5751.jpg,31,2e66350d-9b1d-4f78-b66f-14f0d6eb23fc,-2.3911999999999995,1666305,199
287,31/2e66350d-9b1d-4f78-b66f-14f0d6eb23fc/I03168_X005_Y018_Z5546_0_675.jpg,I03168_X005_Y018_Z5546.jpg,31,2e66350d-9b1d-4f78-b66f-14f0d6eb23fc,-1.8792600000000004,1666305,199
288,31/2e66350d-9b1d-4f78-b66f-14f0d6eb23fc/I03169_X005_Y018_Z5683_0_675.jpg,I03169_X005_Y018_Z5683.jpg,31,2e66350d-9b1d-4f78-b66f-14f0d6eb23fc,-0.6559600000000003,1666305,199
289,31/2e66350d-9b1d-4f78-b66f-14f0d6eb23fc/I03170_X005_Y018_Z5615_0_675.jpg,I03170_X005_Y018_Z5615.jpg,31,2e66350d-9b1d-4f78-b66f-14f0d6eb23fc,0.0,1666305,199
290,31/fba56d57-656e-4b6f-ba63-e4ba3ad083f5/I02091_X003_Y014_Z5126_450_0.jpg,I02091_X003_Y014_Z5126.jpg,31,fba56d57-656e-4b6f-ba63-e4ba3ad083f5,-2.7188700000000003,1657955,93
291,31/fba56d57-656e-4b6f-ba63-e4ba3ad083f5/I02092_X003_Y014_Z5195_450_0.jpg,I02092_X003_Y014_Z5195.jpg,31,fba56d57-656e-4b6f-ba63-e4ba3ad083f5,-2.5748400000000005,1657955,93
292,31/fba56d57-656e-4b6f-ba63-e4ba3ad083f5/I02093_X003_Y014_Z5742_450_0.jpg,I02093_X003_Y014_Z5742.jpg,31,fba56d57-656e-4b6f-ba63-e4ba3ad083f5,-2.4312300000000002,1657955,93
293,31/fba56d57-656e-4b6f-ba63-e4ba3ad083f5/I02094_X003_Y014_Z5263_450_0.jpg,I02094_X003_Y014_Z5263.jpg,31,fba56d57-656e-4b6f-ba63-e4ba3ad083f5,-2.2130400000000003,1657955,93
294,31/fba56d57-656e-4b6f-ba63-e4ba3ad083f5/I02095_X003_Y014_Z5673_450_0.jpg,I02095_X003_Y014_Z5673.jpg,31,fba56d57-656e-4b6f-ba63-e4ba3ad083f5,-1.7181200000000003,1657955,93
295,31/fba56d57-656e-4b6f-ba63-e4ba3ad083f5/I02096_X003_Y014_Z5332_450_0.jpg,I02096_X003_Y014_Z5332.jpg,31,fba56d57-656e-4b6f-ba63-e4ba3ad083f5,-1.4144700000000006,1657955,93
296,31/fba56d57-656e-4b6f-ba63-e4ba3ad083f5/I02097_X003_Y014_Z5605_450_0.jpg,I02097_X003_Y014_Z5605.jpg,31,fba56d57-656e-4b6f-ba63-e4ba3ad083f5,-0.6838000000000002,1657955,93
297,31/fba56d57-656e-4b6f-ba63-e4ba3ad083f5/I02098_X003_Y014_Z5537_450_0.jpg,I02098_X003_Y014_Z5537.jpg,31,fba56d57-656e-4b6f-ba63-e4ba3ad083f5,-0.016170000000000684,1657955,93
298,31/fba56d57-656e-4b6f-ba63-e4ba3ad083f5/I02099_X003_Y014_Z5400_450_0.jpg,I02099_X003_Y014_Z5400.jpg,31,fba56d57-656e-4b6f-ba63-e4ba3ad083f5,0.0,1657955,93
299,31/fba56d57-656e-4b6f-ba63-e4ba3ad083f5/I02100_X003_Y014_Z5468_450_0.jpg,I02100_X003_Y014_Z5468.jpg,31,fba56d57-656e-4b6f-ba63-e4ba3ad083f5,0.4722899999999992,1657955,93
300,31/6e592015-f152-43be-aace-5949fb03fd34/I00251_X011_Y004_Z4882_375_150.jpg,I00251_X011_Y004_Z4882.jpg,31,6e592015-f152-43be-aace-5949fb03fd34,-2.0642199999999997,1649490,41
301,31/6e592015-f152-43be-aace-5949fb03fd34/I00252_X011_Y004_Z4951_375_150.jpg,I00252_X011_Y004_Z4951.jpg,31,6e592015-f152-43be-aace-5949fb03fd34,-1.8673600000000001,1649490,41
302,31/6e592015-f152-43be-aace-5949fb03fd34/I00253_X011_Y004_Z5498_375_150.jpg,I00253_X011_Y004_Z5498.jpg,31,6e592015-f152-43be-aace-5949fb03fd34,-1.6457799999999998,1649490,41
303,31/6e592015-f152-43be-aace-5949fb03fd34/I00254_X011_Y004_Z5019_375_150.jpg,I00254_X011_Y004_Z5019.jpg,31,6e592015-f152-43be-aace-5949fb03fd34,-1.3883999999999999,1649490,41
304,31/6e592015-f152-43be-aace-5949fb03fd34/I00255_X011_Y004_Z5429_375_150.jpg,I00255_X011_Y004_Z5429.jpg,31,6e592015-f152-43be-aace-5949fb03fd34,-0.8519399999999999,1649490,41
305,31/6e592015-f152-43be-aace-5949fb03fd34/I00256_X011_Y004_Z5087_375_150.jpg,I00256_X011_Y004_Z5087.jpg,31,6e592015-f152-43be-aace-5949fb03fd34,-0.13412999999999986,1649490,41
306,31/6e592015-f152-43be-aace-5949fb03fd34/I00257_X011_Y004_Z5361_375_150.jpg,I00257_X011_Y004_Z5361.jpg,31,6e592015-f152-43be-aace-5949fb03fd34,0.0,1649490,41
307,31/6e592015-f152-43be-aace-5949fb03fd34/I00258_X011_Y004_Z5292_375_150.jpg,I00258_X011_Y004_Z5292.jpg,31,6e592015-f152-43be-aace-5949fb03fd34,1.9309399999999997,1649490,41
308,31/6e592015-f152-43be-aace-5949fb03fd34/I00259_X011_Y004_Z5156_375_150.jpg,I00259_X011_Y004_Z5156.jpg,31,6e592015-f152-43be-aace-5949fb03fd34,1.97227,1649490,41
309,31/6e592015-f152-43be-aace-5949fb03fd34/I00260_X011_Y004_Z5224_375_150.jpg,I00260_X011_Y004_Z5224.jpg,31,6e592015-f152-43be-aace-5949fb03fd34,3.09396,1649490,41
310,31/08549899-f59e-4139-93be-71e91ba83c24/I06311_X013_Y033_Z5156_150_300.jpg,I06311_X013_Y033_Z5156.jpg,31,08549899-f59e-4139-93be-71e91ba83c24,-3.0658399999999997,1652774,61
311,31/08549899-f59e-4139-93be-71e91ba83c24/I06312_X013_Y033_Z5771_150_300.jpg,I06312_X013_Y033_Z5771.jpg,31,08549899-f59e-4139-93be-71e91ba83c24,-3.0549099999999996,1652774,61
312,31/08549899-f59e-4139-93be-71e91ba83c24/I06313_X013_Y033_Z5224_150_300.jpg,I06313_X013_Y033_Z5224.jpg,31,08549899-f59e-4139-93be-71e91ba83c24,-2.97239,1652774,61
313,31/08549899-f59e-4139-93be-71e91ba83c24/I06314_X013_Y033_Z5292_150_300.jpg,I06314_X013_Y033_Z5292.jpg,31,08549899-f59e-4139-93be-71e91ba83c24,-2.83464,1652774,61
314,31/08549899-f59e-4139-93be-71e91ba83c24/I06315_X013_Y033_Z5361_150_300.jpg,I06315_X013_Y033_Z5361.jpg,31,08549899-f59e-4139-93be-71e91ba83c24,-2.44279,1652774,61
315,31/08549899-f59e-4139-93be-71e91ba83c24/I06316_X013_Y033_Z5703_150_300.jpg,I06316_X013_Y033_Z5703.jpg,31,08549899-f59e-4139-93be-71e91ba83c24,-2.3220699999999996,1652774,61
316,31/08549899-f59e-4139-93be-71e91ba83c24/I06317_X013_Y033_Z5634_150_300.jpg,I06317_X013_Y033_Z5634.jpg,31,08549899-f59e-4139-93be-71e91ba83c24,-1.2824999999999998,1652774,61
317,31/08549899-f59e-4139-93be-71e91ba83c24/I06318_X013_Y033_Z5429_150_300.jpg,I06318_X013_Y033_Z5429.jpg,31,08549899-f59e-4139-93be-71e91ba83c24,-1.1824499999999998,1652774,61
318,31/08549899-f59e-4139-93be-71e91ba83c24/I06319_X013_Y033_Z5566_150_300.jpg,I06319_X013_Y033_Z5566.jpg,31,08549899-f59e-4139-93be-71e91ba83c24,0.0,1652774,61
319,31/08549899-f59e-4139-93be-71e91ba83c24/I06320_X013_Y033_Z5498_150_300.jpg,I06320_X013_Y033_Z5498.jpg,31,08549899-f59e-4139-93be-71e91ba83c24,0.27627999999999986,1652774,61
320,31/fba56d57-656e-4b6f-ba63-e4ba3ad083f5/I01631_X013_Y012_Z5107_750_300.jpg,I01631_X013_Y012_Z5107.jpg,31,fba56d57-656e-4b6f-ba63-e4ba3ad083f5,-2.82953,1658220,132
321,31/fba56d57-656e-4b6f-ba63-e4ba3ad083f5/I01632_X013_Y012_Z5175_750_300.jpg,I01632_X013_Y012_Z5175.jpg,31,fba56d57-656e-4b6f-ba63-e4ba3ad083f5,-2.70408,1658220,132
322,31/fba56d57-656e-4b6f-ba63-e4ba3ad083f5/I01633_X013_Y012_Z5722_750_300.jpg,I01633_X013_Y012_Z5722.jpg,31,fba56d57-656e-4b6f-ba63-e4ba3ad083f5,-2.6991799999999997,1658220,132
323,31/fba56d57-656e-4b6f-ba63-e4ba3ad083f5/I01634_X013_Y012_Z5244_750_300.jpg,I01634_X013_Y012_Z5244.jpg,31,fba56d57-656e-4b6f-ba63-e4ba3ad083f5,-2.5026599999999997,1658220,132
324,31/fba56d57-656e-4b6f-ba63-e4ba3ad083f5/I01635_X013_Y012_Z5654_750_300.jpg,I01635_X013_Y012_Z5654.jpg,31,fba56d57-656e-4b6f-ba63-e4ba3ad083f5,-2.3644999999999996,1658220,132
325,31/fba56d57-656e-4b6f-ba63-e4ba3ad083f5/I01636_X013_Y012_Z5312_750_300.jpg,I01636_X013_Y012_Z5312.jpg,31,fba56d57-656e-4b6f-ba63-e4ba3ad083f5,-1.78172,1658220,132
326,31/fba56d57-656e-4b6f-ba63-e4ba3ad083f5/I01637_X013_Y012_Z5585_750_300.jpg,I01637_X013_Y012_Z5585.jpg,31,fba56d57-656e-4b6f-ba63-e4ba3ad083f5,-1.5970499999999999,1658220,132
327,31/fba56d57-656e-4b6f-ba63-e4ba3ad083f5/I01638_X013_Y012_Z5517_750_300.jpg,I01638_X013_Y012_Z5517.jpg,31,fba56d57-656e-4b6f-ba63-e4ba3ad083f5,-0.2322999999999995,1658220,132
328,31/fba56d57-656e-4b6f-ba63-e4ba3ad083f5/I01639_X013_Y012_Z5380_750_300.jpg,I01639_X013_Y012_Z5380.jpg,31,fba56d57-656e-4b6f-ba63-e4ba3ad083f5,0.0,1658220,132
329,31/fba56d57-656e-4b6f-ba63-e4ba3ad083f5/I01640_X013_Y012_Z5449_750_300.jpg,I01640_X013_Y012_Z5449.jpg,31,fba56d57-656e-4b6f-ba63-e4ba3ad083f5,0.7714100000000004,1658220,132
330,31/2e66350d-9b1d-4f78-b66f-14f0d6eb23fc/I00791_X004_Y007_Z5058_300_0.jpg,I00791_X004_Y007_Z5058.jpg,31,2e66350d-9b1d-4f78-b66f-14f0d6eb23fc,-6.117609999999999,1666267,194
331,31/2e66350d-9b1d-4f78-b66f-14f0d6eb23fc/I00792_X004_Y007_Z5673_300_0.jpg,I00792_X004_Y007_Z5673.jpg,31,2e66350d-9b1d-4f78-b66f-14f0d6eb23fc,-5.9395999999999995,1666267,194
332,31/2e66350d-9b1d-4f78-b66f-14f0d6eb23fc/I00793_X004_Y007_Z5126_300_0.jpg,I00793_X004_Y007_Z5126.jpg,31,2e66350d-9b1d-4f78-b66f-14f0d6eb23fc,-5.9111199999999995,1666267,194
333,31/2e66350d-9b1d-4f78-b66f-14f0d6eb23fc/I00794_X004_Y007_Z5195_300_0.jpg,I00794_X004_Y007_Z5195.jpg,31,2e66350d-9b1d-4f78-b66f-14f0d6eb23fc,-5.3923,1666267,194
334,31/2e66350d-9b1d-4f78-b66f-14f0d6eb23fc/I00795_X004_Y007_Z5605_300_0.jpg,I00795_X004_Y007_Z5605.jpg,31,2e66350d-9b1d-4f78-b66f-14f0d6eb23fc,-5.22054,1666267,194
335,31/2e66350d-9b1d-4f78-b66f-14f0d6eb23fc/I00796_X004_Y007_Z5263_300_0.jpg,I00796_X004_Y007_Z5263.jpg,31,2e66350d-9b1d-4f78-b66f-14f0d6eb23fc,-3.9565599999999996,1666267,194
336,31/2e66350d-9b1d-4f78-b66f-14f0d6eb23fc/I00797_X004_Y007_Z5537_300_0.jpg,I00797_X004_Y007_Z5537.jpg,31,2e66350d-9b1d-4f78-b66f-14f0d6eb23fc,-3.8842799999999995,1666267,194
337,31/2e66350d-9b1d-4f78-b66f-14f0d6eb23fc/I00798_X004_Y007_Z5468_300_0.jpg,I00798_X004_Y007_Z5468.jpg,31,2e66350d-9b1d-4f78-b66f-14f0d6eb23fc,-2.0984999999999996,1666267,194
338,31/2e66350d-9b1d-4f78-b66f-14f0d6eb23fc/I00799_X004_Y007_Z5332_300_0.jpg,I00799_X004_Y007_Z5332.jpg,31,2e66350d-9b1d-4f78-b66f-14f0d6eb23fc,-0.7643899999999997,1666267,194
339,31/2e66350d-9b1d-4f78-b66f-14f0d6eb23fc/I00800_X004_Y007_Z5400_300_0.jpg,I00800_X004_Y007_Z5400.jpg,31,2e66350d-9b1d-4f78-b66f-14f0d6eb23fc,0.0,1666267,194
340,31/274d8969-aa7c-4ac0-be60-e753579393ad/I02371_X018_Y016_Z4882_525_525.jpg,I02371_X018_Y016_Z4882.jpg,31,274d8969-aa7c-4ac0-be60-e753579393ad,-1.0811899999999999,1661361,163
341,31/274d8969-aa7c-4ac0-be60-e753579393ad/I02372_X018_Y016_Z5000_525_525.jpg,I02372_X018_Y016_Z5000.jpg,31,274d8969-aa7c-4ac0-be60-e753579393ad,-1.0489099999999998,1661361,163
342,31/274d8969-aa7c-4ac0-be60-e753579393ad/I02373_X018_Y016_Z5058_525_525.jpg,I02373_X018_Y016_Z5058.jpg,31,274d8969-aa7c-4ac0-be60-e753579393ad,-0.9565499999999998,1661361,163
343,31/274d8969-aa7c-4ac0-be60-e753579393ad/I02374_X018_Y016_Z5468_525_525.jpg,I02374_X018_Y016_Z5468.jpg,31,274d8969-aa7c-4ac0-be60-e753579393ad,-0.8777499999999998,1661361,163
344,31/274d8969-aa7c-4ac0-be60-e753579393ad/I02375_X018_Y016_Z5117_525_525.jpg,I02375_X018_Y016_Z5117.jpg,31,274d8969-aa7c-4ac0-be60-e753579393ad,-0.7010199999999998,1661361,163
345,31/274d8969-aa7c-4ac0-be60-e753579393ad/I02376_X018_Y016_Z5410_525_525.jpg,I02376_X018_Y016_Z5410.jpg,31,274d8969-aa7c-4ac0-be60-e753579393ad,-0.5387799999999996,1661361,163
346,31/274d8969-aa7c-4ac0-be60-e753579393ad/I02377_X018_Y016_Z5175_525_525.jpg,I02377_X018_Y016_Z5175.jpg,31,274d8969-aa7c-4ac0-be60-e753579393ad,-0.34043999999999963,1661361,163
347,31/274d8969-aa7c-4ac0-be60-e753579393ad/I02378_X018_Y016_Z5351_525_525.jpg,I02378_X018_Y016_Z5351.jpg,31,274d8969-aa7c-4ac0-be60-e753579393ad,-0.2080599999999997,1661361,163
348,31/274d8969-aa7c-4ac0-be60-e753579393ad/I02379_X018_Y016_Z5234_525_525.jpg,I02379_X018_Y016_Z5234.jpg,31,274d8969-aa7c-4ac0-be60-e753579393ad,-0.06192999999999982,1661361,163
349,31/274d8969-aa7c-4ac0-be60-e753579393ad/I02380_X018_Y016_Z5292_525_525.jpg,I02380_X018_Y016_Z5292.jpg,31,274d8969-aa7c-4ac0-be60-e753579393ad,0.0,1661361,163
350,31/7197b078-de83-46e5-bfe5-0a3fee4b5454/I04211_X018_Y023_Z4794_975_450.jpg,I04211_X018_Y023_Z4794.jpg,31,7197b078-de83-46e5-bfe5-0a3fee4b5454,-5.15921,1652336,53
351,31/7197b078-de83-46e5-bfe5-0a3fee4b5454/I04212_X018_Y023_Z4863_975_450.jpg,I04212_X018_Y023_Z4863.jpg,31,7197b078-de83-46e5-bfe5-0a3fee4b5454,-5.15663,1652336,53
352,31/7197b078-de83-46e5-bfe5-0a3fee4b5454/I04213_X018_Y023_Z4931_975_450.jpg,I04213_X018_Y023_Z4931.jpg,31,7197b078-de83-46e5-bfe5-0a3fee4b5454,-5.14436,1652336,53
353,31/7197b078-de83-46e5-bfe5-0a3fee4b5454/I04214_X018_Y023_Z5410_975_450.jpg,I04214_X018_Y023_Z5410.jpg,31,7197b078-de83-46e5-bfe5-0a3fee4b5454,-5.026389999999999,1652336,53
354,31/7197b078-de83-46e5-bfe5-0a3fee4b5454/I04215_X018_Y023_Z5000_975_450.jpg,I04215_X018_Y023_Z5000.jpg,31,7197b078-de83-46e5-bfe5-0a3fee4b5454,-4.97594,1652336,53
355,31/7197b078-de83-46e5-bfe5-0a3fee4b5454/I04216_X018_Y023_Z5068_975_450.jpg,I04216_X018_Y023_Z5068.jpg,31,7197b078-de83-46e5-bfe5-0a3fee4b5454,-4.02257,1652336,53
356,31/7197b078-de83-46e5-bfe5-0a3fee4b5454/I04217_X018_Y023_Z5341_975_450.jpg,I04217_X018_Y023_Z5341.jpg,31,7197b078-de83-46e5-bfe5-0a3fee4b5454,-3.16357,1652336,53
357,31/7197b078-de83-46e5-bfe5-0a3fee4b5454/I04218_X018_Y023_Z5136_975_450.jpg,I04218_X018_Y023_Z5136.jpg,31,7197b078-de83-46e5-bfe5-0a3fee4b5454,-2.0135899999999998,1652336,53
358,31/7197b078-de83-46e5-bfe5-0a3fee4b5454/I04219_X018_Y023_Z5273_975_450.jpg,I04219_X018_Y023_Z5273.jpg,31,7197b078-de83-46e5-bfe5-0a3fee4b5454,-0.3254199999999994,1652336,53
359,31/7197b078-de83-46e5-bfe5-0a3fee4b5454/I04220_X018_Y023_Z5205_975_450.jpg,I04220_X018_Y023_Z5205.jpg,31,7197b078-de83-46e5-bfe5-0a3fee4b5454,0.0,1652336,53
360,31/2e66350d-9b1d-4f78-b66f-14f0d6eb23fc/I03291_X009_Y019_Z5205_750_450.jpg,I03291_X009_Y019_Z5205.jpg,31,2e66350d-9b1d-4f78-b66f-14f0d6eb23fc,-4.14318,1666427,203
361,31/2e66350d-9b1d-4f78-b66f-14f0d6eb23fc/I03292_X009_Y019_Z5273_750_450.jpg,I03292_X009_Y019_Z5273.jpg,31,2e66350d-9b1d-4f78-b66f-14f0d6eb23fc,-4.00772,1666427,203
362,31/2e66350d-9b1d-4f78-b66f-14f0d6eb23fc/I03293_X009_Y019_Z5820_750_450.jpg,I03293_X009_Y019_Z5820.jpg,31,2e66350d-9b1d-4f78-b66f-14f0d6eb23fc,-3.9653400000000003,1666427,203
363,31/2e66350d-9b1d-4f78-b66f-14f0d6eb23fc/I03294_X009_Y019_Z5341_750_450.jpg,I03294_X009_Y019_Z5341.jpg,31,2e66350d-9b1d-4f78-b66f-14f0d6eb23fc,-3.5847800000000003,1666427,203
364,31/2e66350d-9b1d-4f78-b66f-14f0d6eb23fc/I03295_X009_Y019_Z5751_750_450.jpg,I03295_X009_Y019_Z5751.jpg,31,2e66350d-9b1d-4f78-b66f-14f0d6eb23fc,-3.50815,1666427,203
365,31/2e66350d-9b1d-4f78-b66f-14f0d6eb23fc/I03296_X009_Y019_Z5683_750_450.jpg,I03296_X009_Y019_Z5683.jpg,31,2e66350d-9b1d-4f78-b66f-14f0d6eb23fc,-2.62929,1666427,203
366,31/2e66350d-9b1d-4f78-b66f-14f0d6eb23fc/I03297_X009_Y019_Z5410_750_450.jpg,I03297_X009_Y019_Z5410.jpg,31,2e66350d-9b1d-4f78-b66f-14f0d6eb23fc,-2.30819,1666427,203
367,31/2e66350d-9b1d-4f78-b66f-14f0d6eb23fc/I03298_X009_Y019_Z5615_750_450.jpg,I03298_X009_Y019_Z5615.jpg,31,2e66350d-9b1d-4f78-b66f-14f0d6eb23fc,-0.8292700000000002,1666427,203
368,31/2e66350d-9b1d-4f78-b66f-14f0d6eb23fc/I03299_X009_Y019_Z5478_750_450.jpg,I03299_X009_Y019_Z5478.jpg,31,2e66350d-9b1d-4f78-b66f-14f0d6eb23fc,0.0,1666427,203
369,31/2e66350d-9b1d-4f78-b66f-14f0d6eb23fc/I03300_X009_Y019_Z5546_750_450.jpg,I03300_X009_Y019_Z5546.jpg,31,2e66350d-9b1d-4f78-b66f-14f0d6eb23fc,0.8541600000000003,1666427,203
370,31/fba56d57-656e-4b6f-ba63-e4ba3ad083f5/I01981_X014_Y014_Z5058_600_600.jpg,I01981_X014_Y014_Z5058.jpg,31,fba56d57-656e-4b6f-ba63-e4ba3ad083f5,-2.06733,1658248,142
371,31/fba56d57-656e-4b6f-ba63-e4ba3ad083f5/I01982_X014_Y014_Z5673_600_600.jpg,I01982_X014_Y014_Z5673.jpg,31,fba56d57-656e-4b6f-ba63-e4ba3ad083f5,-2.05065,1658248,142
372,31/fba56d57-656e-4b6f-ba63-e4ba3ad083f5/I01983_X014_Y014_Z5126_600_600.jpg,I01983_X014_Y014_Z5126.jpg,31,fba56d57-656e-4b6f-ba63-e4ba3ad083f5,-1.9908800000000002,1658248,142
373,31/fba56d57-656e-4b6f-ba63-e4ba3ad083f5/I01984_X014_Y014_Z5605_600_600.jpg,I01984_X014_Y014_Z5605.jpg,31,fba56d57-656e-4b6f-ba63-e4ba3ad083f5,-1.8200500000000002,1658248,142
374,31/fba56d57-656e-4b6f-ba63-e4ba3ad083f5/I01985_X014_Y014_Z5195_600_600.jpg,I01985_X014_Y014_Z5195.jpg,31,fba56d57-656e-4b6f-ba63-e4ba3ad083f5,-1.7759300000000002,1658248,142
375,31/fba56d57-656e-4b6f-ba63-e4ba3ad083f5/I01986_X014_Y014_Z5537_600_600.jpg,I01986_X014_Y014_Z5537.jpg,31,fba56d57-656e-4b6f-ba63-e4ba3ad083f5,-1.3338800000000002,1658248,142
376,31/fba56d57-656e-4b6f-ba63-e4ba3ad083f5/I01987_X014_Y014_Z5263_600_600.jpg,I01987_X014_Y014_Z5263.jpg,31,fba56d57-656e-4b6f-ba63-e4ba3ad083f5,-1.09829,1658248,142
377,31/fba56d57-656e-4b6f-ba63-e4ba3ad083f5/I01988_X014_Y014_Z5468_600_600.jpg,I01988_X014_Y014_Z5468.jpg,31,fba56d57-656e-4b6f-ba63-e4ba3ad083f5,-0.41255,1658248,142
378,31/fba56d57-656e-4b6f-ba63-e4ba3ad083f5/I01989_X014_Y014_Z5332_600_600.jpg,I01989_X014_Y014_Z5332.jpg,31,fba56d57-656e-4b6f-ba63-e4ba3ad083f5,0.0,1658248,142
379,31/fba56d57-656e-4b6f-ba63-e4ba3ad083f5/I01990_X014_Y014_Z5400_600_600.jpg,I01990_X014_Y014_Z5400.jpg,31,fba56d57-656e-4b6f-ba63-e4ba3ad083f5,0.3852899999999999,1658248,142
380,31/10460be0-f5f3-4ac2-9ddf-b4ea9fa1ea02/I02461_X017_Y015_Z4941_825_525.jpg,I02461_X017_Y015_Z4941.jpg,31,10460be0-f5f3-4ac2-9ddf-b4ea9fa1ea02,-6.10772,1646182,9
381,31/10460be0-f5f3-4ac2-9ddf-b4ea9fa1ea02/I02462_X017_Y015_Z5556_825_525.jpg,I02462_X017_Y015_Z5556.jpg,31,10460be0-f5f3-4ac2-9ddf-b4ea9fa1ea02,-6.0020299999999995,1646182,9
382,31/10460be0-f5f3-4ac2-9ddf-b4ea9fa1ea02/I02463_X017_Y015_Z5009_825_525.jpg,I02463_X017_Y015_Z5009.jpg,31,10460be0-f5f3-4ac2-9ddf-b4ea9fa1ea02,-5.99302,1646182,9
383,31/10460be0-f5f3-4ac2-9ddf-b4ea9fa1ea02/I02464_X017_Y015_Z5078_825_525.jpg,I02464_X017_Y015_Z5078.jpg,31,10460be0-f5f3-4ac2-9ddf-b4ea9fa1ea02,-5.763489999999999,1646182,9
384,31/10460be0-f5f3-4ac2-9ddf-b4ea9fa1ea02/I02465_X017_Y015_Z5146_825_525.jpg,I02465_X017_Y015_Z5146.jpg,31,10460be0-f5f3-4ac2-9ddf-b4ea9fa1ea02,-5.272639999999999,1646182,9
385,31/10460be0-f5f3-4ac2-9ddf-b4ea9fa1ea02/I02466_X017_Y015_Z5488_825_525.jpg,I02466_X017_Y015_Z5488.jpg,31,10460be0-f5f3-4ac2-9ddf-b4ea9fa1ea02,-4.3412999999999995,1646182,9
386,31/10460be0-f5f3-4ac2-9ddf-b4ea9fa1ea02/I02467_X017_Y015_Z5214_825_525.jpg,I02467_X017_Y015_Z5214.jpg,31,10460be0-f5f3-4ac2-9ddf-b4ea9fa1ea02,-3.3186199999999992,1646182,9
387,31/10460be0-f5f3-4ac2-9ddf-b4ea9fa1ea02/I02468_X017_Y015_Z5419_825_525.jpg,I02468_X017_Y015_Z5419.jpg,31,10460be0-f5f3-4ac2-9ddf-b4ea9fa1ea02,-2.2662499999999994,1646182,9
388,31/10460be0-f5f3-4ac2-9ddf-b4ea9fa1ea02/I02469_X017_Y015_Z5283_825_525.jpg,I02469_X017_Y015_Z5283.jpg,31,10460be0-f5f3-4ac2-9ddf-b4ea9fa1ea02,-0.14960999999999913,1646182,9
389,31/10460be0-f5f3-4ac2-9ddf-b4ea9fa1ea02/I02470_X017_Y015_Z5351_825_525.jpg,I02470_X017_Y015_Z5351.jpg,31,10460be0-f5f3-4ac2-9ddf-b4ea9fa1ea02,0.0,1646182,9
390,31/4c7e9e66-61a1-47ca-aa4e-340b0eef8db1/I02251_X007_Y013_Z5673_825_375.jpg,I02251_X007_Y013_Z5673.jpg,31,4c7e9e66-61a1-47ca-aa4e-340b0eef8db1,-1.4255600000000002,1674584,212
391,31/4c7e9e66-61a1-47ca-aa4e-340b0eef8db1/I02252_X007_Y013_Z5058_825_375.jpg,I02252_X007_Y013_Z5058.jpg,31,4c7e9e66-61a1-47ca-aa4e-340b0eef8db1,-1.32227,1674584,212
392,31/4c7e9e66-61a1-47ca-aa4e-340b0eef8db1/I02253_X007_Y013_Z5126_825_375.jpg,I02253_X007_Y013_Z5126.jpg,31,4c7e9e66-61a1-47ca-aa4e-340b0eef8db1,-1.1189900000000002,1674584,212
393,31/4c7e9e66-61a1-47ca-aa4e-340b0eef8db1/I02254_X007_Y013_Z5605_825_375.jpg,I02254_X007_Y013_Z5605.jpg,31,4c7e9e66-61a1-47ca-aa4e-340b0eef8db1,-0.9820899999999999,1674584,212
394,31/4c7e9e66-61a1-47ca-aa4e-340b0eef8db1/I02255_X007_Y013_Z5195_825_375.jpg,I02255_X007_Y013_Z5195.jpg,31,4c7e9e66-61a1-47ca-aa4e-340b0eef8db1,-0.6792800000000003,1674584,212
395,31/4c7e9e66-61a1-47ca-aa4e-340b0eef8db1/I02256_X007_Y013_Z5537_825_375.jpg,I02256_X007_Y013_Z5537.jpg,31,4c7e9e66-61a1-47ca-aa4e-340b0eef8db1,0.0,1674584,212
396,31/4c7e9e66-61a1-47ca-aa4e-340b0eef8db1/I02257_X007_Y013_Z5263_825_375.jpg,I02257_X007_Y013_Z5263.jpg,31,4c7e9e66-61a1-47ca-aa4e-340b0eef8db1,1.1599999999999997,1674584,212
397,31/4c7e9e66-61a1-47ca-aa4e-340b0eef8db1/I02258_X007_Y013_Z5468_825_375.jpg,I02258_X007_Y013_Z5468.jpg,31,4c7e9e66-61a1-47ca-aa4e-340b0eef8db1,1.6472000000000002,1674584,212
398,31/4c7e9e66-61a1-47ca-aa4e-340b0eef8db1/I02259_X007_Y013_Z5332_825_375.jpg,I02259_X007_Y013_Z5332.jpg,31,4c7e9e66-61a1-47ca-aa4e-340b0eef8db1,3.8092099999999998,1674584,212
399,31/4c7e9e66-61a1-47ca-aa4e-340b0eef8db1/I02260_X007_Y013_Z5400_825_375.jpg,I02260_X007_Y013_Z5400.jpg,31,4c7e9e66-61a1-47ca-aa4e-340b0eef8db1,3.8625000000000003,1674584,212
400,31/19d37361-fee4-4382-b29b-fb657f233636/I00241_X012_Y003_Z4501_675_375.jpg,I00241_X012_Y003_Z4501.jpg,31,19d37361-fee4-4382-b29b-fb657f233636,-1.83518,1649839,47
401,31/19d37361-fee4-4382-b29b-fb657f233636/I00242_X012_Y003_Z5029_675_375.jpg,I00242_X012_Y003_Z5029.jpg,31,19d37361-fee4-4382-b29b-fb657f233636,-1.75365,1649839,47
402,31/19d37361-fee4-4382-b29b-fb657f233636/I00243_X012_Y003_Z4560_675_375.jpg,I00243_X012_Y003_Z4560.jpg,31,19d37361-fee4-4382-b29b-fb657f233636,-1.68273,1649839,47
403,31/19d37361-fee4-4382-b29b-fb657f233636/I00244_X012_Y003_Z4619_675_375.jpg,I00244_X012_Y003_Z4619.jpg,31,19d37361-fee4-4382-b29b-fb657f233636,-1.37309,1649839,47
404,31/19d37361-fee4-4382-b29b-fb657f233636/I00245_X012_Y003_Z4970_675_375.jpg,I00245_X012_Y003_Z4970.jpg,31,19d37361-fee4-4382-b29b-fb657f233636,-1.2805300000000002,1649839,47
405,31/19d37361-fee4-4382-b29b-fb657f233636/I00246_X012_Y003_Z4677_675_375.jpg,I00246_X012_Y003_Z4677.jpg,31,19d37361-fee4-4382-b29b-fb657f233636,-0.72376,1649839,47
406,31/19d37361-fee4-4382-b29b-fb657f233636/I00247_X012_Y003_Z4912_675_375.jpg,I00247_X012_Y003_Z4912.jpg,31,19d37361-fee4-4382-b29b-fb657f233636,-0.5521599999999998,1649839,47
407,31/19d37361-fee4-4382-b29b-fb657f233636/I00248_X012_Y003_Z4736_675_375.jpg,I00248_X012_Y003_Z4736.jpg,31,19d37361-fee4-4382-b29b-fb657f233636,0.0,1649839,47
408,31/19d37361-fee4-4382-b29b-fb657f233636/I00249_X012_Y003_Z4853_675_375.jpg,I00249_X012_Y003_Z4853.jpg,31,19d37361-fee4-4382-b29b-fb657f233636,0.19214999999999982,1649839,47
409,31/19d37361-fee4-4382-b29b-fb657f233636/I00250_X012_Y003_Z4794_675_375.jpg,I00250_X012_Y003_Z4794.jpg,31,19d37361-fee4-4382-b29b-fb657f233636,0.64744,1649839,47
410,31/2e66350d-9b1d-4f78-b66f-14f0d6eb23fc/I03111_X010_Y018_Z5458_0_75.jpg,I03111_X010_Y018_Z5458.jpg,31,2e66350d-9b1d-4f78-b66f-14f0d6eb23fc,-6.46579,1666458,205
411,31/2e66350d-9b1d-4f78-b66f-14f0d6eb23fc/I03112_X010_Y018_Z6074_0_75.jpg,I03112_X010_Y018_Z6074.jpg,31,2e66350d-9b1d-4f78-b66f-14f0d6eb23fc,-6.26736,1666458,205
412,31/2e66350d-9b1d-4f78-b66f-14f0d6eb23fc/I03113_X010_Y018_Z5527_0_75.jpg,I03113_X010_Y018_Z5527.jpg,31,2e66350d-9b1d-4f78-b66f-14f0d6eb23fc,-6.17171,1666458,205
413,31/2e66350d-9b1d-4f78-b66f-14f0d6eb23fc/I03114_X010_Y018_Z6005_0_75.jpg,I03114_X010_Y018_Z6005.jpg,31,2e66350d-9b1d-4f78-b66f-14f0d6eb23fc,-5.94633,1666458,205
414,31/2e66350d-9b1d-4f78-b66f-14f0d6eb23fc/I03115_X010_Y018_Z5595_0_75.jpg,I03115_X010_Y018_Z5595.jpg,31,2e66350d-9b1d-4f78-b66f-14f0d6eb23fc,-5.66737,1666458,205
415,31/2e66350d-9b1d-4f78-b66f-14f0d6eb23fc/I03116_X010_Y018_Z5937_0_75.jpg,I03116_X010_Y018_Z5937.jpg,31,2e66350d-9b1d-4f78-b66f-14f0d6eb23fc,-4.94393,1666458,205
416,31/2e66350d-9b1d-4f78-b66f-14f0d6eb23fc/I03117_X010_Y018_Z5664_0_75.jpg,I03117_X010_Y018_Z5664.jpg,31,2e66350d-9b1d-4f78-b66f-14f0d6eb23fc,-3.82679,1666458,205
417,31/2e66350d-9b1d-4f78-b66f-14f0d6eb23fc/I03118_X010_Y018_Z5869_0_75.jpg,I03118_X010_Y018_Z5869.jpg,31,2e66350d-9b1d-4f78-b66f-14f0d6eb23fc,-2.6256500000000003,1666458,205
418,31/2e66350d-9b1d-4f78-b66f-14f0d6eb23fc/I03119_X010_Y018_Z5732_0_75.jpg,I03119_X010_Y018_Z5732.jpg,31,2e66350d-9b1d-4f78-b66f-14f0d6eb23fc,-0.8657300000000001,1666458,205
419,31/2e66350d-9b1d-4f78-b66f-14f0d6eb23fc/I03120_X010_Y018_Z5800_0_75.jpg,I03120_X010_Y018_Z5800.jpg,31,2e66350d-9b1d-4f78-b66f-14f0d6eb23fc,0.0,1666458,205
420,31/e62edecf-597c-4f50-93b7-816659e9a88d/I02661_X007_Y015_Z5068_375_450.jpg,I02661_X007_Y015_Z5068.jpg,31,e62edecf-597c-4f50-93b7-816659e9a88d,-6.711459999999999,1697200,262
421,31/e62edecf-597c-4f50-93b7-816659e9a88d/I02662_X007_Y015_Z5136_375_450.jpg,I02662_X007_Y015_Z5136.jpg,31,e62edecf-597c-4f50-93b7-816659e9a88d,-6.469709999999999,1697200,262
422,31/e62edecf-597c-4f50-93b7-816659e9a88d/I02663_X007_Y015_Z5683_375_450.jpg,I02663_X007_Y015_Z5683.jpg,31,e62edecf-597c-4f50-93b7-816659e9a88d,-6.364189999999999,1697200,262
423,31/e62edecf-597c-4f50-93b7-816659e9a88d/I02664_X007_Y015_Z5615_375_450.jpg,I02664_X007_Y015_Z5615.jpg,31,e62edecf-597c-4f50-93b7-816659e9a88d,-5.39711,1697200,262
424,31/e62edecf-597c-4f50-93b7-816659e9a88d/I02665_X007_Y015_Z5205_375_450.jpg,I02665_X007_Y015_Z5205.jpg,31,e62edecf-597c-4f50-93b7-816659e9a88d,-4.6773299999999995,1697200,262
425,31/e62edecf-597c-4f50-93b7-816659e9a88d/I02666_X007_Y015_Z5546_375_450.jpg,I02666_X007_Y015_Z5546.jpg,31,e62edecf-597c-4f50-93b7-816659e9a88d,-3.927999999999999,1697200,262
426,31/e62edecf-597c-4f50-93b7-816659e9a88d/I02667_X007_Y015_Z5478_375_450.jpg,I02667_X007_Y015_Z5478.jpg,31,e62edecf-597c-4f50-93b7-816659e9a88d,-2.5435799999999995,1697200,262
427,31/e62edecf-597c-4f50-93b7-816659e9a88d/I02668_X007_Y015_Z5273_375_450.jpg,I02668_X007_Y015_Z5273.jpg,31,e62edecf-597c-4f50-93b7-816659e9a88d,-1.678259999999999,1697200,262
428,31/e62edecf-597c-4f50-93b7-816659e9a88d/I02669_X007_Y015_Z5410_375_450.jpg,I02669_X007_Y015_Z5410.jpg,31,e62edecf-597c-4f50-93b7-816659e9a88d,-0.7523699999999991,1697200,262
429,31/e62edecf-597c-4f50-93b7-816659e9a88d/I02670_X007_Y015_Z5341_375_450.jpg,I02670_X007_Y015_Z5341.jpg,31,e62edecf-597c-4f50-93b7-816659e9a88d,0.0,1697200,262
430,31/e62edecf-597c-4f50-93b7-816659e9a88d/I02661_X007_Y015_Z5068_525_450.jpg,I02661_X007_Y015_Z5068.jpg,31,e62edecf-597c-4f50-93b7-816659e9a88d,-6.711459999999999,1697200,262
431,31/e62edecf-597c-4f50-93b7-816659e9a88d/I02662_X007_Y015_Z5136_525_450.jpg,I02662_X007_Y015_Z5136.jpg,31,e62edecf-597c-4f50-93b7-816659e9a88d,-6.469709999999999,1697200,262
432,31/e62edecf-597c-4f50-93b7-816659e9a88d/I02663_X007_Y015_Z5683_525_450.jpg,I02663_X007_Y015_Z5683.jpg,31,e62edecf-597c-4f50-93b7-816659e9a88d,-6.364189999999999,1697200,262
433,31/e62edecf-597c-4f50-93b7-816659e9a88d/I02664_X007_Y015_Z5615_525_450.jpg,I02664_X007_Y015_Z5615.jpg,31,e62edecf-597c-4f50-93b7-816659e9a88d,-5.39711,1697200,262
434,31/e62edecf-597c-4f50-93b7-816659e9a88d/I02665_X007_Y015_Z5205_525_450.jpg,I02665_X007_Y015_Z5205.jpg,31,e62edecf-597c-4f50-93b7-816659e9a88d,-4.6773299999999995,1697200,262
435,31/e62edecf-597c-4f50-93b7-816659e9a88d/I02666_X007_Y015_Z5546_525_450.jpg,I02666_X007_Y015_Z5546.jpg,31,e62edecf-597c-4f50-93b7-816659e9a88d,-3.927999999999999,1697200,262
436,31/e62edecf-597c-4f50-93b7-816659e9a88d/I02667_X007_Y015_Z5478_525_450.jpg,I02667_X007_Y015_Z5478.jpg,31,e62edecf-597c-4f50-93b7-816659e9a88d,-2.5435799999999995,1697200,262
437,31/e62edecf-597c-4f50-93b7-816659e9a88d/I02668_X007_Y015_Z5273_525_450.jpg,I02668_X007_Y015_Z5273.jpg,31,e62edecf-597c-4f50-93b7-816659e9a88d,-1.678259999999999,1697200,262
438,31/e62edecf-597c-4f50-93b7-816659e9a88d/I02669_X007_Y015_Z5410_525_450.jpg,I02669_X007_Y015_Z5410.jpg,31,e62edecf-597c-4f50-93b7-816659e9a88d,-0.7523699999999991,1697200,262
439,31/e62edecf-597c-4f50-93b7-816659e9a88d/I02670_X007_Y015_Z5341_525_450.jpg,I02670_X007_Y015_Z5341.jpg,31,e62edecf-597c-4f50-93b7-816659e9a88d,0.0,1697200,262
440,31/19d37361-fee4-4382-b29b-fb657f233636/I01941_X005_Y013_Z4824_1050_450.jpg,I01941_X005_Y013_Z4824.jpg,31,19d37361-fee4-4382-b29b-fb657f233636,-1.1490200000000002,1649631,45
441,31/19d37361-fee4-4382-b29b-fb657f233636/I01942_X005_Y013_Z4882_1050_450.jpg,I01942_X005_Y013_Z4882.jpg,31,19d37361-fee4-4382-b29b-fb657f233636,-1.09607,1649631,45
442,31/19d37361-fee4-4382-b29b-fb657f233636/I01943_X005_Y013_Z4941_1050_450.jpg,I01943_X005_Y013_Z4941.jpg,31,19d37361-fee4-4382-b29b-fb657f233636,-0.7287400000000002,1649631,45
443,31/19d37361-fee4-4382-b29b-fb657f233636/I01944_X005_Y013_Z5351_1050_450.jpg,I01944_X005_Y013_Z5351.jpg,31,19d37361-fee4-4382-b29b-fb657f233636,-0.5274700000000001,1649631,45
444,31/19d37361-fee4-4382-b29b-fb657f233636/I01945_X005_Y013_Z5000_1050_450.jpg,I01945_X005_Y013_Z5000.jpg,31,19d37361-fee4-4382-b29b-fb657f233636,0.0,1649631,45
445,31/19d37361-fee4-4382-b29b-fb657f233636/I01946_X005_Y013_Z5292_1050_450.jpg,I01946_X005_Y013_Z5292.jpg,31,19d37361-fee4-4382-b29b-fb657f233636,0.5652399999999997,1649631,45
446,31/19d37361-fee4-4382-b29b-fb657f233636/I01947_X005_Y013_Z5058_1050_450.jpg,I01947_X005_Y013_Z5058.jpg,31,19d37361-fee4-4382-b29b-fb657f233636,0.8891099999999996,1649631,45
447,31/19d37361-fee4-4382-b29b-fb657f233636/I01948_X005_Y013_Z5234_1050_450.jpg,I01948_X005_Y013_Z5234.jpg,31,19d37361-fee4-4382-b29b-fb657f233636,1.6017200000000003,1649631,45
448,31/19d37361-fee4-4382-b29b-fb657f233636/I01949_X005_Y013_Z5117_1050_450.jpg,I01949_X005_Y013_Z5117.jpg,31,19d37361-fee4-4382-b29b-fb657f233636,1.6078599999999996,1649631,45
449,31/19d37361-fee4-4382-b29b-fb657f233636/I01950_X005_Y013_Z5175_1050_450.jpg,I01950_X005_Y013_Z5175.jpg,31,19d37361-fee4-4382-b29b-fb657f233636,1.99911,1649631,45
450,31/fba56d57-656e-4b6f-ba63-e4ba3ad083f5/I02251_X014_Y015_Z5058_1200_375.jpg,I02251_X014_Y015_Z5058.jpg,31,fba56d57-656e-4b6f-ba63-e4ba3ad083f5,-2.7335700000000003,1658249,143
451,31/fba56d57-656e-4b6f-ba63-e4ba3ad083f5/I02252_X014_Y015_Z5673_1200_375.jpg,I02252_X014_Y015_Z5673.jpg,31,fba56d57-656e-4b6f-ba63-e4ba3ad083f5,-2.6783200000000003,1658249,143
452,31/fba56d57-656e-4b6f-ba63-e4ba3ad083f5/I02253_X014_Y015_Z5126_1200_375.jpg,I02253_X014_Y015_Z5126.jpg,31,fba56d57-656e-4b6f-ba63-e4ba3ad083f5,-2.6175800000000002,1658249,143
453,31/fba56d57-656e-4b6f-ba63-e4ba3ad083f5/I02254_X014_Y015_Z5605_1200_375.jpg,I02254_X014_Y015_Z5605.jpg,31,fba56d57-656e-4b6f-ba63-e4ba3ad083f5,-2.36231,1658249,143
454,31/fba56d57-656e-4b6f-ba63-e4ba3ad083f5/I02255_X014_Y015_Z5195_1200_375.jpg,I02255_X014_Y015_Z5195.jpg,31,fba56d57-656e-4b6f-ba63-e4ba3ad083f5,-2.19135,1658249,143
455,31/fba56d57-656e-4b6f-ba63-e4ba3ad083f5/I02256_X014_Y015_Z5537_1200_375.jpg,I02256_X014_Y015_Z5537.jpg,31,fba56d57-656e-4b6f-ba63-e4ba3ad083f5,-1.77366,1658249,143
456,31/fba56d57-656e-4b6f-ba63-e4ba3ad083f5/I02257_X014_Y015_Z5263_1200_375.jpg,I02257_X014_Y015_Z5263.jpg,31,fba56d57-656e-4b6f-ba63-e4ba3ad083f5,-1.10119,1658249,143
457,31/fba56d57-656e-4b6f-ba63-e4ba3ad083f5/I02258_X014_Y015_Z5468_1200_375.jpg,I02258_X014_Y015_Z5468.jpg,31,fba56d57-656e-4b6f-ba63-e4ba3ad083f5,-0.9268100000000001,1658249,143
458,31/fba56d57-656e-4b6f-ba63-e4ba3ad083f5/I02259_X014_Y015_Z5400_1200_375.jpg,I02259_X014_Y015_Z5400.jpg,31,fba56d57-656e-4b6f-ba63-e4ba3ad083f5,-0.038269999999999804,1658249,143
459,31/fba56d57-656e-4b6f-ba63-e4ba3ad083f5/I02260_X014_Y015_Z5332_1200_375.jpg,I02260_X014_Y015_Z5332.jpg,31,fba56d57-656e-4b6f-ba63-e4ba3ad083f5,0.0,1658249,143
460,31/679d4bad-e8d7-4094-8c70-486e4c091e21/I00431_X007_Y004_Z5048_900_225.jpg,I00431_X007_Y004_Z5048.jpg,31,679d4bad-e8d7-4094-8c70-486e4c091e21,-5.68069,1653833,77
461,31/679d4bad-e8d7-4094-8c70-486e4c091e21/I00432_X007_Y004_Z5664_900_225.jpg,I00432_X007_Y004_Z5664.jpg,31,679d4bad-e8d7-4094-8c70-486e4c091e21,-5.5910400000000005,1653833,77
462,31/679d4bad-e8d7-4094-8c70-486e4c091e21/I00433_X007_Y004_Z5117_900_225.jpg,I00433_X007_Y004_Z5117.jpg,31,679d4bad-e8d7-4094-8c70-486e4c091e21,-5.556570000000001,1653833,77
463,31/679d4bad-e8d7-4094-8c70-486e4c091e21/I00434_X007_Y004_Z5185_900_225.jpg,I00434_X007_Y004_Z5185.jpg,31,679d4bad-e8d7-4094-8c70-486e4c091e21,-5.27214,1653833,77
464,31/679d4bad-e8d7-4094-8c70-486e4c091e21/I00435_X007_Y004_Z5595_900_225.jpg,I00435_X007_Y004_Z5595.jpg,31,679d4bad-e8d7-4094-8c70-486e4c091e21,-5.176080000000001,1653833,77
465,31/679d4bad-e8d7-4094-8c70-486e4c091e21/I00436_X007_Y004_Z5527_900_225.jpg,I00436_X007_Y004_Z5527.jpg,31,679d4bad-e8d7-4094-8c70-486e4c091e21,-4.33522,1653833,77
466,31/679d4bad-e8d7-4094-8c70-486e4c091e21/I00437_X007_Y004_Z5253_900_225.jpg,I00437_X007_Y004_Z5253.jpg,31,679d4bad-e8d7-4094-8c70-486e4c091e21,-4.30171,1653833,77
467,31/679d4bad-e8d7-4094-8c70-486e4c091e21/I00438_X007_Y004_Z5458_900_225.jpg,I00438_X007_Y004_Z5458.jpg,31,679d4bad-e8d7-4094-8c70-486e4c091e21,-2.14862,1653833,77
468,31/679d4bad-e8d7-4094-8c70-486e4c091e21/I00439_X007_Y004_Z5322_900_225.jpg,I00439_X007_Y004_Z5322.jpg,31,679d4bad-e8d7-4094-8c70-486e4c091e21,-1.3281900000000002,1653833,77
469,31/679d4bad-e8d7-4094-8c70-486e4c091e21/I00440_X007_Y004_Z5390_900_225.jpg,I00440_X007_Y004_Z5390.jpg,31,679d4bad-e8d7-4094-8c70-486e4c091e21,0.0,1653833,77
470,31/db6784e7-fa75-49aa-804f-464fefe1dfc2/I01791_X001_Y013_Z5078_1125_75.jpg,I01791_X001_Y013_Z5078.jpg,31,db6784e7-fa75-49aa-804f-464fefe1dfc2,-4.87233,1676971,220
471,31/db6784e7-fa75-49aa-804f-464fefe1dfc2/I01792_X001_Y013_Z5146_1125_75.jpg,I01792_X001_Y013_Z5146.jpg,31,db6784e7-fa75-49aa-804f-464fefe1dfc2,-4.78289,1676971,220
472,31/db6784e7-fa75-49aa-804f-464fefe1dfc2/I01793_X001_Y013_Z5693_1125_75.jpg,I01793_X001_Y013_Z5693.jpg,31,db6784e7-fa75-49aa-804f-464fefe1dfc2,-4.77005,1676971,220
473,31/db6784e7-fa75-49aa-804f-464fefe1dfc2/I01794_X001_Y013_Z5214_1125_75.jpg,I01794_X001_Y013_Z5214.jpg,31,db6784e7-fa75-49aa-804f-464fefe1dfc2,-4.44409,1676971,220
474,31/db6784e7-fa75-49aa-804f-464fefe1dfc2/I01795_X001_Y013_Z5625_1125_75.jpg,I01795_X001_Y013_Z5625.jpg,31,db6784e7-fa75-49aa-804f-464fefe1dfc2,-4.20589,1676971,220
475,31/db6784e7-fa75-49aa-804f-464fefe1dfc2/I01796_X001_Y013_Z5283_1125_75.jpg,I01796_X001_Y013_Z5283.jpg,31,db6784e7-fa75-49aa-804f-464fefe1dfc2,-3.4436600000000004,1676971,220
476,31/db6784e7-fa75-49aa-804f-464fefe1dfc2/I01797_X001_Y013_Z5556_1125_75.jpg,I01797_X001_Y013_Z5556.jpg,31,db6784e7-fa75-49aa-804f-464fefe1dfc2,-3.2127800000000004,1676971,220
477,31/db6784e7-fa75-49aa-804f-464fefe1dfc2/I01798_X001_Y013_Z5488_1125_75.jpg,I01798_X001_Y013_Z5488.jpg,31,db6784e7-fa75-49aa-804f-464fefe1dfc2,-1.37507,1676971,220
478,31/db6784e7-fa75-49aa-804f-464fefe1dfc2/I01799_X001_Y013_Z5351_1125_75.jpg,I01799_X001_Y013_Z5351.jpg,31,db6784e7-fa75-49aa-804f-464fefe1dfc2,-0.6813900000000004,1676971,220
479,31/db6784e7-fa75-49aa-804f-464fefe1dfc2/I01800_X001_Y013_Z5419_1125_75.jpg,I01800_X001_Y013_Z5419.jpg,31,db6784e7-fa75-49aa-804f-464fefe1dfc2,0.0,1676971,220
480,31/274d8969-aa7c-4ac0-be60-e753579393ad/I02221_X006_Y015_Z4970_825_600.jpg,I02221_X006_Y015_Z4970.jpg,31,274d8969-aa7c-4ac0-be60-e753579393ad,-1.7077200000000001,1661046,154
481,31/274d8969-aa7c-4ac0-be60-e753579393ad/I02222_X006_Y015_Z5029_825_600.jpg,I02222_X006_Y015_Z5029.jpg,31,274d8969-aa7c-4ac0-be60-e753579393ad,-1.63877,1661046,154
482,31/274d8969-aa7c-4ac0-be60-e753579393ad/I02223_X006_Y015_Z5498_825_600.jpg,I02223_X006_Y015_Z5498.jpg,31,274d8969-aa7c-4ac0-be60-e753579393ad,-1.52933,1661046,154
483,31/274d8969-aa7c-4ac0-be60-e753579393ad/I02224_X006_Y015_Z5087_825_600.jpg,I02224_X006_Y015_Z5087.jpg,31,274d8969-aa7c-4ac0-be60-e753579393ad,-1.49641,1661046,154
484,31/274d8969-aa7c-4ac0-be60-e753579393ad/I02225_X006_Y015_Z5439_825_600.jpg,I02225_X006_Y015_Z5439.jpg,31,274d8969-aa7c-4ac0-be60-e753579393ad,-1.1653100000000003,1661046,154
485,31/274d8969-aa7c-4ac0-be60-e753579393ad/I02226_X006_Y015_Z5146_825_600.jpg,I02226_X006_Y015_Z5146.jpg,31,274d8969-aa7c-4ac0-be60-e753579393ad,-1.0208400000000002,1661046,154
486,31/274d8969-aa7c-4ac0-be60-e753579393ad/I02227_X006_Y015_Z5380_825_600.jpg,I02227_X006_Y015_Z5380.jpg,31,274d8969-aa7c-4ac0-be60-e753579393ad,-0.6297600000000001,1661046,154
487,31/274d8969-aa7c-4ac0-be60-e753579393ad/I02228_X006_Y015_Z5205_825_600.jpg,I02228_X006_Y015_Z5205.jpg,31,274d8969-aa7c-4ac0-be60-e753579393ad,-0.38270000000000026,1661046,154
488,31/274d8969-aa7c-4ac0-be60-e753579393ad/I02229_X006_Y015_Z5322_825_600.jpg,I02229_X006_Y015_Z5322.jpg,31,274d8969-aa7c-4ac0-be60-e753579393ad,-0.11827999999999994,1661046,154
489,31/274d8969-aa7c-4ac0-be60-e753579393ad/I02230_X006_Y015_Z5263_825_600.jpg,I02230_X006_Y015_Z5263.jpg,31,274d8969-aa7c-4ac0-be60-e753579393ad,0.0,1661046,154
490,31/2e66350d-9b1d-4f78-b66f-14f0d6eb23fc/I03231_X003_Y019_Z5498_825_525.jpg,I03231_X003_Y019_Z5498.jpg,31,2e66350d-9b1d-4f78-b66f-14f0d6eb23fc,-5.540649999999999,1666255,192
491,31/2e66350d-9b1d-4f78-b66f-14f0d6eb23fc/I03232_X003_Y019_Z6113_825_525.jpg,I03232_X003_Y019_Z6113.jpg,31,2e66350d-9b1d-4f78-b66f-14f0d6eb23fc,-5.22211,1666255,192
492,31/2e66350d-9b1d-4f78-b66f-14f0d6eb23fc/I03233_X003_Y019_Z5566_825_525.jpg,I03233_X003_Y019_Z5566.jpg,31,2e66350d-9b1d-4f78-b66f-14f0d6eb23fc,-5.20641,1666255,192
493,31/2e66350d-9b1d-4f78-b66f-14f0d6eb23fc/I03234_X003_Y019_Z6044_825_525.jpg,I03234_X003_Y019_Z6044.jpg,31,2e66350d-9b1d-4f78-b66f-14f0d6eb23fc,-4.42676,1666255,192
494,31/2e66350d-9b1d-4f78-b66f-14f0d6eb23fc/I03235_X003_Y019_Z5634_825_525.jpg,I03235_X003_Y019_Z5634.jpg,31,2e66350d-9b1d-4f78-b66f-14f0d6eb23fc,-4.2971,1666255,192
495,31/2e66350d-9b1d-4f78-b66f-14f0d6eb23fc/I03236_X003_Y019_Z5703_825_525.jpg,I03236_X003_Y019_Z5703.jpg,31,2e66350d-9b1d-4f78-b66f-14f0d6eb23fc,-3.00256,1666255,192
496,31/2e66350d-9b1d-4f78-b66f-14f0d6eb23fc/I03237_X003_Y019_Z5976_825_525.jpg,I03237_X003_Y019_Z5976.jpg,31,2e66350d-9b1d-4f78-b66f-14f0d6eb23fc,-2.8840899999999996,1666255,192
497,31/2e66350d-9b1d-4f78-b66f-14f0d6eb23fc/I03238_X003_Y019_Z5908_825_525.jpg,I03238_X003_Y019_Z5908.jpg,31,2e66350d-9b1d-4f78-b66f-14f0d6eb23fc,-1.5780599999999998,1666255,192
498,31/2e66350d-9b1d-4f78-b66f-14f0d6eb23fc/I03239_X003_Y019_Z5771_825_525.jpg,I03239_X003_Y019_Z5771.jpg,31,2e66350d-9b1d-4f78-b66f-14f0d6eb23fc,-0.21882000000000001,1666255,192
499,31/2e66350d-9b1d-4f78-b66f-14f0d6eb23fc/I03240_X003_Y019_Z5839_825_525.jpg,I03240_X003_Y019_Z5839.jpg,31,2e66350d-9b1d-4f78-b66f-14f0d6eb23fc,0.0,1666255,192
500,31/0ce6bee3-089e-48a8-ac55-9d45f4d9d9fd/I05521_X007_Y028_Z5097_225_375.jpg,I05521_X007_Y028_Z5097.jpg,31,0ce6bee3-089e-48a8-ac55-9d45f4d9d9fd,-2.01538,1654469,83
501,31/0ce6bee3-089e-48a8-ac55-9d45f4d9d9fd/I05522_X007_Y028_Z5166_225_375.jpg,I05522_X007_Y028_Z5166.jpg,31,0ce6bee3-089e-48a8-ac55-9d45f4d9d9fd,-1.9193399999999998,1654469,83
502,31/0ce6bee3-089e-48a8-ac55-9d45f4d9d9fd/I05523_X007_Y028_Z5712_225_375.jpg,I05523_X007_Y028_Z5712.jpg,31,0ce6bee3-089e-48a8-ac55-9d45f4d9d9fd,-1.8066,1654469,83
503,31/0ce6bee3-089e-48a8-ac55-9d45f4d9d9fd/I05524_X007_Y028_Z5234_225_375.jpg,I05524_X007_Y028_Z5234.jpg,31,0ce6bee3-089e-48a8-ac55-9d45f4d9d9fd,-1.7116699999999998,1654469,83
504,31/0ce6bee3-089e-48a8-ac55-9d45f4d9d9fd/I05525_X007_Y028_Z5644_225_375.jpg,I05525_X007_Y028_Z5644.jpg,31,0ce6bee3-089e-48a8-ac55-9d45f4d9d9fd,-1.3220299999999998,1654469,83
505,31/0ce6bee3-089e-48a8-ac55-9d45f4d9d9fd/I05526_X007_Y028_Z5302_225_375.jpg,I05526_X007_Y028_Z5302.jpg,31,0ce6bee3-089e-48a8-ac55-9d45f4d9d9fd,-1.0526,1654469,83
506,31/0ce6bee3-089e-48a8-ac55-9d45f4d9d9fd/I05527_X007_Y028_Z5576_225_375.jpg,I05527_X007_Y028_Z5576.jpg,31,0ce6bee3-089e-48a8-ac55-9d45f4d9d9fd,-0.5564299999999998,1654469,83
507,31/0ce6bee3-089e-48a8-ac55-9d45f4d9d9fd/I05528_X007_Y028_Z5371_225_375.jpg,I05528_X007_Y028_Z5371.jpg,31,0ce6bee3-089e-48a8-ac55-9d45f4d9d9fd,0.0,1654469,83
508,31/0ce6bee3-089e-48a8-ac55-9d45f4d9d9fd/I05529_X007_Y028_Z5507_225_375.jpg,I05529_X007_Y028_Z5507.jpg,31,0ce6bee3-089e-48a8-ac55-9d45f4d9d9fd,0.4536000000000002,1654469,83
509,31/0ce6bee3-089e-48a8-ac55-9d45f4d9d9fd/I05530_X007_Y028_Z5439_225_375.jpg,I05530_X007_Y028_Z5439.jpg,31,0ce6bee3-089e-48a8-ac55-9d45f4d9d9fd,0.7401600000000004,1654469,83
510,31/6e592015-f152-43be-aace-5949fb03fd34/I00561_X004_Y006_Z4980_525_600.jpg,I00561_X004_Y006_Z4980.jpg,31,6e592015-f152-43be-aace-5949fb03fd34,-5.750489999999999,1649348,32
511,31/6e592015-f152-43be-aace-5949fb03fd34/I00562_X004_Y006_Z5048_525_600.jpg,I00562_X004_Y006_Z5048.jpg,31,6e592015-f152-43be-aace-5949fb03fd34,-5.4710399999999995,1649348,32
512,31/6e592015-f152-43be-aace-5949fb03fd34/I00563_X004_Y006_Z5595_525_600.jpg,I00563_X004_Y006_Z5595.jpg,31,6e592015-f152-43be-aace-5949fb03fd34,-5.32499,1649348,32
513,31/6e592015-f152-43be-aace-5949fb03fd34/I00564_X004_Y006_Z5117_525_600.jpg,I00564_X004_Y006_Z5117.jpg,31,6e592015-f152-43be-aace-5949fb03fd34,-4.887359999999999,1649348,32
514,31/6e592015-f152-43be-aace-5949fb03fd34/I00565_X004_Y006_Z5527_525_600.jpg,I00565_X004_Y006_Z5527.jpg,31,6e592015-f152-43be-aace-5949fb03fd34,-4.09256,1649348,32
515,31/6e592015-f152-43be-aace-5949fb03fd34/I00566_X004_Y006_Z5185_525_600.jpg,I00566_X004_Y006_Z5185.jpg,31,6e592015-f152-43be-aace-5949fb03fd34,-3.1511299999999993,1649348,32
516,31/6e592015-f152-43be-aace-5949fb03fd34/I00567_X004_Y006_Z5458_525_600.jpg,I00567_X004_Y006_Z5458.jpg,31,6e592015-f152-43be-aace-5949fb03fd34,-2.2828999999999997,1649348,32
517,31/6e592015-f152-43be-aace-5949fb03fd34/I00568_X004_Y006_Z5390_525_600.jpg,I00568_X004_Y006_Z5390.jpg,31,6e592015-f152-43be-aace-5949fb03fd34,-1.0582399999999996,1649348,32
518,31/6e592015-f152-43be-aace-5949fb03fd34/I00569_X004_Y006_Z5253_525_600.jpg,I00569_X004_Y006_Z5253.jpg,31,6e592015-f152-43be-aace-5949fb03fd34,0.0,1649348,32
519,31/6e592015-f152-43be-aace-5949fb03fd34/I00570_X004_Y006_Z5322_525_600.jpg,I00570_X004_Y006_Z5322.jpg,31,6e592015-f152-43be-aace-5949fb03fd34,0.42213999999999974,1649348,32
520,31/274d8969-aa7c-4ac0-be60-e753579393ad/I04351_X010_Y028_Z5361_975_375.jpg,I04351_X010_Y028_Z5361.jpg,31,274d8969-aa7c-4ac0-be60-e753579393ad,-0.8991200000000001,1661173,160
521,31/274d8969-aa7c-4ac0-be60-e753579393ad/I04352_X010_Y028_Z5888_975_375.jpg,I04352_X010_Y028_Z5888.jpg,31,274d8969-aa7c-4ac0-be60-e753579393ad,-0.8380900000000002,1661173,160
522,31/274d8969-aa7c-4ac0-be60-e753579393ad/I04353_X010_Y028_Z5419_975_375.jpg,I04353_X010_Y028_Z5419.jpg,31,274d8969-aa7c-4ac0-be60-e753579393ad,-0.8046700000000002,1661173,160
523,31/274d8969-aa7c-4ac0-be60-e753579393ad/I04354_X010_Y028_Z5830_975_375.jpg,I04354_X010_Y028_Z5830.jpg,31,274d8969-aa7c-4ac0-be60-e753579393ad,-0.6336100000000002,1661173,160
524,31/274d8969-aa7c-4ac0-be60-e753579393ad/I04355_X010_Y028_Z5478_975_375.jpg,I04355_X010_Y028_Z5478.jpg,31,274d8969-aa7c-4ac0-be60-e753579393ad,-0.6198100000000002,1661173,160
525,31/274d8969-aa7c-4ac0-be60-e753579393ad/I04356_X010_Y028_Z5771_975_375.jpg,I04356_X010_Y028_Z5771.jpg,31,274d8969-aa7c-4ac0-be60-e753579393ad,-0.41593000000000013,1661173,160
526,31/274d8969-aa7c-4ac0-be60-e753579393ad/I04357_X010_Y028_Z5537_975_375.jpg,I04357_X010_Y028_Z5537.jpg,31,274d8969-aa7c-4ac0-be60-e753579393ad,-0.3497500000000002,1661173,160
527,31/274d8969-aa7c-4ac0-be60-e753579393ad/I04358_X010_Y028_Z5712_975_375.jpg,I04358_X010_Y028_Z5712.jpg,31,274d8969-aa7c-4ac0-be60-e753579393ad,-0.1528400000000003,1661173,160
528,31/274d8969-aa7c-4ac0-be60-e753579393ad/I04359_X010_Y028_Z5595_975_375.jpg,I04359_X010_Y028_Z5595.jpg,31,274d8969-aa7c-4ac0-be60-e753579393ad,-0.09433000000000025,1661173,160
529,31/274d8969-aa7c-4ac0-be60-e753579393ad/I04360_X010_Y028_Z5654_975_375.jpg,I04360_X010_Y028_Z5654.jpg,31,274d8969-aa7c-4ac0-be60-e753579393ad,0.0,1661173,160
530,31/2e66350d-9b1d-4f78-b66f-14f0d6eb23fc/I03201_X001_Y018_Z5292_525_75.jpg,I03201_X001_Y018_Z5292.jpg,31,2e66350d-9b1d-4f78-b66f-14f0d6eb23fc,-5.4066,1666217,185
531,31/2e66350d-9b1d-4f78-b66f-14f0d6eb23fc/I03202_X001_Y018_Z5361_525_75.jpg,I03202_X001_Y018_Z5361.jpg,31,2e66350d-9b1d-4f78-b66f-14f0d6eb23fc,-5.237299999999999,1666217,185
532,31/2e66350d-9b1d-4f78-b66f-14f0d6eb23fc/I03203_X001_Y018_Z5908_525_75.jpg,I03203_X001_Y018_Z5908.jpg,31,2e66350d-9b1d-4f78-b66f-14f0d6eb23fc,-5.07073,1666217,185
533,31/2e66350d-9b1d-4f78-b66f-14f0d6eb23fc/I03204_X001_Y018_Z5429_525_75.jpg,I03204_X001_Y018_Z5429.jpg,31,2e66350d-9b1d-4f78-b66f-14f0d6eb23fc,-4.836919999999999,1666217,185
534,31/2e66350d-9b1d-4f78-b66f-14f0d6eb23fc/I03205_X001_Y018_Z5839_525_75.jpg,I03205_X001_Y018_Z5839.jpg,31,2e66350d-9b1d-4f78-b66f-14f0d6eb23fc,-4.34463,1666217,185
535,31/2e66350d-9b1d-4f78-b66f-14f0d6eb23fc/I03206_X001_Y018_Z5498_525_75.jpg,I03206_X001_Y018_Z5498.jpg,31,2e66350d-9b1d-4f78-b66f-14f0d6eb23fc,-3.8039199999999997,1666217,185
536,31/2e66350d-9b1d-4f78-b66f-14f0d6eb23fc/I03207_X001_Y018_Z5771_525_75.jpg,I03207_X001_Y018_Z5771.jpg,31,2e66350d-9b1d-4f78-b66f-14f0d6eb23fc,-3.06764,1666217,185
537,31/2e66350d-9b1d-4f78-b66f-14f0d6eb23fc/I03208_X001_Y018_Z5703_525_75.jpg,I03208_X001_Y018_Z5703.jpg,31,2e66350d-9b1d-4f78-b66f-14f0d6eb23fc,-1.8345899999999995,1666217,185
538,31/2e66350d-9b1d-4f78-b66f-14f0d6eb23fc/I03209_X001_Y018_Z5566_525_75.jpg,I03209_X001_Y018_Z5566.jpg,31,2e66350d-9b1d-4f78-b66f-14f0d6eb23fc,-1.2095500000000001,1666217,185
539,31/2e66350d-9b1d-4f78-b66f-14f0d6eb23fc/I03210_X001_Y018_Z5634_525_75.jpg,I03210_X001_Y018_Z5634.jpg,31,2e66350d-9b1d-4f78-b66f-14f0d6eb23fc,0.0,1666217,185
540,31/8e572b7a-08fa-4c17-a2e3-7bf606c52a30/I03141_X019_Y017_Z5009_150_300.jpg,I03141_X019_Y017_Z5009.jpg,31,8e572b7a-08fa-4c17-a2e3-7bf606c52a30,-4.672890000000001,1694486,254
541,31/8e572b7a-08fa-4c17-a2e3-7bf606c52a30/I03142_X019_Y017_Z5078_150_300.jpg,I03142_X019_Y017_Z5078.jpg,31,8e572b7a-08fa-4c17-a2e3-7bf606c52a30,-4.53617,1694486,254
542,31/8e572b7a-08fa-4c17-a2e3-7bf606c52a30/I03143_X019_Y017_Z5625_150_300.jpg,I03143_X019_Y017_Z5625.jpg,31,8e572b7a-08fa-4c17-a2e3-7bf606c52a30,-4.43132,1694486,254
543,31/8e572b7a-08fa-4c17-a2e3-7bf606c52a30/I03144_X019_Y017_Z5146_150_300.jpg,I03144_X019_Y017_Z5146.jpg,31,8e572b7a-08fa-4c17-a2e3-7bf606c52a30,-4.30693,1694486,254
544,31/8e572b7a-08fa-4c17-a2e3-7bf606c52a30/I03145_X019_Y017_Z5556_150_300.jpg,I03145_X019_Y017_Z5556.jpg,31,8e572b7a-08fa-4c17-a2e3-7bf606c52a30,-3.7882100000000003,1694486,254
545,31/8e572b7a-08fa-4c17-a2e3-7bf606c52a30/I03146_X019_Y017_Z5214_150_300.jpg,I03146_X019_Y017_Z5214.jpg,31,8e572b7a-08fa-4c17-a2e3-7bf606c52a30,-3.65682,1694486,254
546,31/8e572b7a-08fa-4c17-a2e3-7bf606c52a30/I03147_X019_Y017_Z5488_150_300.jpg,I03147_X019_Y017_Z5488.jpg,31,8e572b7a-08fa-4c17-a2e3-7bf606c52a30,-2.55783,1694486,254
547,31/8e572b7a-08fa-4c17-a2e3-7bf606c52a30/I03148_X019_Y017_Z5283_150_300.jpg,I03148_X019_Y017_Z5283.jpg,31,8e572b7a-08fa-4c17-a2e3-7bf606c52a30,-2.0602,1694486,254
548,31/8e572b7a-08fa-4c17-a2e3-7bf606c52a30/I03149_X019_Y017_Z5419_150_300.jpg,I03149_X019_Y017_Z5419.jpg,31,8e572b7a-08fa-4c17-a2e3-7bf606c52a30,-0.46848000000000045,1694486,254
549,31/8e572b7a-08fa-4c17-a2e3-7bf606c52a30/I03150_X019_Y017_Z5351_150_300.jpg,I03150_X019_Y017_Z5351.jpg,31,8e572b7a-08fa-4c17-a2e3-7bf606c52a30,0.0,1694486,254
550,31/6e592015-f152-43be-aace-5949fb03fd34/I00271_X009_Y004_Z5703_750_150.jpg,I00271_X009_Y004_Z5703.jpg,31,6e592015-f152-43be-aace-5949fb03fd34,-5.912370000000001,1649450,38
551,31/6e592015-f152-43be-aace-5949fb03fd34/I00272_X009_Y004_Z5087_750_150.jpg,I00272_X009_Y004_Z5087.jpg,31,6e592015-f152-43be-aace-5949fb03fd34,-5.790280000000001,1649450,38
552,31/6e592015-f152-43be-aace-5949fb03fd34/I00273_X009_Y004_Z5634_750_150.jpg,I00273_X009_Y004_Z5634.jpg,31,6e592015-f152-43be-aace-5949fb03fd34,-5.529480000000001,1649450,38
553,31/6e592015-f152-43be-aace-5949fb03fd34/I00274_X009_Y004_Z5156_750_150.jpg,I00274_X009_Y004_Z5156.jpg,31,6e592015-f152-43be-aace-5949fb03fd34,-5.2340800000000005,1649450,38
554,31/6e592015-f152-43be-aace-5949fb03fd34/I00275_X009_Y004_Z5566_750_150.jpg,I00275_X009_Y004_Z5566.jpg,31,6e592015-f152-43be-aace-5949fb03fd34,-5.140070000000001,1649450,38
555,31/6e592015-f152-43be-aace-5949fb03fd34/I00276_X009_Y004_Z5498_750_150.jpg,I00276_X009_Y004_Z5498.jpg,31,6e592015-f152-43be-aace-5949fb03fd34,-3.3135400000000006,1649450,38
556,31/6e592015-f152-43be-aace-5949fb03fd34/I00277_X009_Y004_Z5224_750_150.jpg,I00277_X009_Y004_Z5224.jpg,31,6e592015-f152-43be-aace-5949fb03fd34,-3.2179200000000003,1649450,38
557,31/6e592015-f152-43be-aace-5949fb03fd34/I00278_X009_Y004_Z5429_750_150.jpg,I00278_X009_Y004_Z5429.jpg,31,6e592015-f152-43be-aace-5949fb03fd34,-1.0945500000000008,1649450,38
558,31/6e592015-f152-43be-aace-5949fb03fd34/I00279_X009_Y004_Z5292_750_150.jpg,I00279_X009_Y004_Z5292.jpg,31,6e592015-f152-43be-aace-5949fb03fd34,-0.5576700000000008,1649450,38
559,31/6e592015-f152-43be-aace-5949fb03fd34/I00280_X009_Y004_Z5361_750_150.jpg,I00280_X009_Y004_Z5361.jpg,31,6e592015-f152-43be-aace-5949fb03fd34,0.0,1649450,38
560,31/4c7e9e66-61a1-47ca-aa4e-340b0eef8db1/I01401_X016_Y009_Z5498_300_450.jpg,I01401_X016_Y009_Z5498.jpg,31,4c7e9e66-61a1-47ca-aa4e-340b0eef8db1,-4.82709,1674918,217
561,31/4c7e9e66-61a1-47ca-aa4e-340b0eef8db1/I01402_X016_Y009_Z4882_300_450.jpg,I01402_X016_Y009_Z4882.jpg,31,4c7e9e66-61a1-47ca-aa4e-340b0eef8db1,-4.79788,1674918,217
562,31/4c7e9e66-61a1-47ca-aa4e-340b0eef8db1/I01403_X016_Y009_Z4951_300_450.jpg,I01403_X016_Y009_Z4951.jpg,31,4c7e9e66-61a1-47ca-aa4e-340b0eef8db1,-4.6450700000000005,1674918,217
563,31/4c7e9e66-61a1-47ca-aa4e-340b0eef8db1/I01404_X016_Y009_Z5429_300_450.jpg,I01404_X016_Y009_Z5429.jpg,31,4c7e9e66-61a1-47ca-aa4e-340b0eef8db1,-4.4177599999999995,1674918,217
564,31/4c7e9e66-61a1-47ca-aa4e-340b0eef8db1/I01405_X016_Y009_Z5019_300_450.jpg,I01405_X016_Y009_Z5019.jpg,31,4c7e9e66-61a1-47ca-aa4e-340b0eef8db1,-4.358879999999999,1674918,217
565,31/4c7e9e66-61a1-47ca-aa4e-340b0eef8db1/I01406_X016_Y009_Z5361_300_450.jpg,I01406_X016_Y009_Z5361.jpg,31,4c7e9e66-61a1-47ca-aa4e-340b0eef8db1,-3.41147,1674918,217
566,31/4c7e9e66-61a1-47ca-aa4e-340b0eef8db1/I01407_X016_Y009_Z5087_300_450.jpg,I01407_X016_Y009_Z5087.jpg,31,4c7e9e66-61a1-47ca-aa4e-340b0eef8db1,-3.0542399999999996,1674918,217
567,31/4c7e9e66-61a1-47ca-aa4e-340b0eef8db1/I01408_X016_Y009_Z5292_300_450.jpg,I01408_X016_Y009_Z5292.jpg,31,4c7e9e66-61a1-47ca-aa4e-340b0eef8db1,-1.4860799999999994,1674918,217
568,31/4c7e9e66-61a1-47ca-aa4e-340b0eef8db1/I01409_X016_Y009_Z5156_300_450.jpg,I01409_X016_Y009_Z5156.jpg,31,4c7e9e66-61a1-47ca-aa4e-340b0eef8db1,-0.5280399999999998,1674918,217
569,31/4c7e9e66-61a1-47ca-aa4e-340b0eef8db1/I01410_X016_Y009_Z5224_300_450.jpg,I01410_X016_Y009_Z5224.jpg,31,4c7e9e66-61a1-47ca-aa4e-340b0eef8db1,0.0,1674918,217
